reference.id	year	source
PMID: 34433824	2021	pubmed
PMID:10051632	1999	pubmed
PMID:10358174	1999	pubmed
PMID:10435578	1999	pubmed
PMID:10449525	1999	pubmed
PMID:10583947	1999	pubmed
PMID:10623806	2000	pubmed
PMID:10671225	2000	pubmed
PMID:10686174	2000	pubmed
PMID:10755612	2000	pubmed
PMID:10756006	2000	pubmed
PMID:10925283	2000	pubmed
PMID:11017099	2000	pubmed
PMID:11046006	2000	pubmed
PMID:11060013	2000	pubmed
PMID:11238586	2001	pubmed
PMID:11325844	2001	pubmed
PMID:11592365	2001	pubmed
PMID:11722642	2001	pubmed
PMID:11756174	2002	pubmed
PMID:11862219	2002	pubmed
PMID:11877480	2002	pubmed
PMID:11911820	2002	pubmed
PMID:11920589	2002	pubmed
PMID:11930311	2002	pubmed
PMID:11937585	2002	pubmed
PMID:11994422	2002	pubmed
PMID:12067472	2001	pubmed
PMID:12093915	2002	pubmed
PMID:12165524	2002	pubmed
PMID:12244153	2002	pubmed
PMID:12244204	2002	pubmed
PMID:12466894	2002	pubmed
PMID:12469116	2003	pubmed
PMID:12504586	2002	pubmed
PMID:12530975	2003	pubmed
PMID:12555663	2002	pubmed
PMID:12563259	2003	pubmed
PMID:12574392	2003	pubmed
PMID:12616496	2003	pubmed
PMID:12682221	2003	pubmed
PMID:12734356	2003	pubmed
PMID:12778473	2003	pubmed
PMID:12796775	2003	pubmed
PMID:12880423	2003	pubmed
PMID:12910264	2003	pubmed
PMID:12950684	2003	pubmed
PMID:14563323	2003	pubmed
PMID:14568971	2003	pubmed
PMID:14690592	2003	pubmed
PMID:15128793	2004	pubmed
PMID:15368281	2004	pubmed
PMID:15379861	2004	pubmed
PMID:15452345	2004	pubmed
PMID:15583017	2004	pubmed
PMID:15589168	2004	pubmed
PMID:15591521	2005	pubmed
PMID:15596521	2004	pubmed
PMID:15611258	2005	pubmed
PMID:15640805	2005	pubmed
PMID:15664161	2005	pubmed
PMID:15665083	2005	pubmed
PMID:15670602	2005	pubmed
PMID:15753288	2005	pubmed
PMID:15821740	2005	pubmed
PMID:15837811	2005	pubmed
PMID:15843542	2005	pubmed
PMID:15849183	2005	pubmed
PMID:15889096	2005	pubmed
PMID:15925833	2005	pubmed
PMID:15951824	2005	pubmed
PMID:15956596	2005	pubmed
PMID:16079912	2005	pubmed
PMID:16148129	2005	pubmed
PMID:16177068	2005	pubmed
PMID:16177129	2005	pubmed
PMID:16186824	2005	pubmed
PMID:16237109	2005	pubmed
PMID:16287711	2005	pubmed
PMID:16322475	2006	pubmed
PMID:16326979	2005	pubmed
PMID:16415105	2006	pubmed
PMID:16455990	2006	pubmed
PMID:16474394	2006	pubmed
PMID:16552058	2006	pubmed
PMID:16600963	2006	pubmed
PMID:16628627	2006	pubmed
PMID:16751360	2006	pubmed
PMID:16772368	2006	pubmed
PMID:16818795	2006	pubmed
PMID:16962135	2006	pubmed
PMID:16982909	2006	pubmed
PMID:17056587	2006	pubmed
PMID:17082594	2006	pubmed
PMID:17114426	2006	pubmed
PMID:17121793	2007	pubmed
PMID:1716213	1991	pubmed
PMID:17259989	2007	pubmed
PMID:17287271	2007	pubmed
PMID:17334368	2007	pubmed
PMID:17363906	2007	pubmed
PMID:17418792	2007	pubmed
PMID:17459926	2007	pubmed
PMID:17553613	2007	pubmed
PMID:17617598	2007	pubmed
PMID:17644531	2007	pubmed
PMID:17694060	2007	pubmed
PMID:17709536	2007	pubmed
PMID:17716684	2007	pubmed
PMID:17719490	2007	pubmed
PMID:17825839	2007	pubmed
PMID:17893201	2007	pubmed
PMID:18025130	2007	pubmed
PMID:18178822	2008	pubmed
PMID:18193057	2008	pubmed
PMID:18250421	2008	pubmed
PMID:18270323	2008	pubmed
PMID:18275829	2008	pubmed
PMID:18308592	2008	pubmed
PMID:18356084	2008	pubmed
PMID:18424733	2008	pubmed
PMID:18566378	2008	pubmed
PMID:18626021	2008	pubmed
PMID:18802118	2008	pubmed
PMID:18802479	2008	pubmed
PMID:18922097	2008	pubmed
PMID:18929574	2008	pubmed
PMID:18941216	2008	pubmed
PMID:19008075	2008	pubmed
PMID:19014475	2008	pubmed
PMID:19017975	2008	pubmed
PMID:19139173	2009	pubmed
PMID:19167249	2009	pubmed
PMID:19286348	2009	pubmed
PMID:19303388	2009	pubmed
PMID:19317896	2009	pmc
PMID:19332877	2009	pubmed
PMID:19342630	2009	pubmed
PMID:19349463	2009	pubmed
PMID:19403059	2009	pubmed
PMID:19542443	2009	pubmed
PMID:19542454	2009	pubmed
PMID:19605354	2009	pubmed
PMID:19605594	2009	pubmed
PMID:19698083	2009	pubmed
PMID:19755422	2009	pubmed
PMID:19776383	2009	pubmed
PMID:19786555	2009	pubmed
PMID:19801983	2009	pubmed
PMID:19834548	2009	pubmed
PMID:19864595	2009	pubmed
PMID:20059576	2010	pubmed
PMID:20064447	2009	pubmed
PMID:20064448	2009	pubmed
PMID:20086230	2010	pubmed
PMID:20139278	2010	pubmed
PMID:20407212	2010	pubmed
PMID:20411564	2010	pubmed
PMID:20432235	2010	pubmed
PMID:20483993	2010	pubmed
PMID:20566715	2010	pubmed
PMID:20639478	2010	pubmed
PMID:20681514	2010	pubmed
PMID:20823160	2010	pubmed
PMID:20844564	2010	pubmed
PMID:21081917	2010	pubmed
PMID:21098221	2011	pubmed
PMID:21118816	2011	pubmed
PMID:21124993	2010	pubmed
PMID:21135165	2011	pubmed
PMID:21157435	2011	pubmed
PMID:21160049	2011	pubmed
PMID:21199956	2011	pubmed
PMID:21264852	2011	pubmed
PMID:21282516	2011	pubmed
PMID:21297580	2011	pubmed
PMID:21490152	2011	pubmed
PMID:21490153	2011	pubmed
PMID:21555537	2011	pubmed
PMID:21562156	2011	pubmed
PMID:21562577	2011	pubmed
PMID:21606376	2011	pubmed
PMID:21625449	2011	pubmed
PMID:21645925	2011	pubmed
PMID:21683626	2011	pubmed
PMID:21690251	2011	pubmed
PMID:21734237	2011	pubmed
PMID:21752903	2011	pubmed
PMID:21795600	2011	pubmed
PMID:21849672	2011	pubmed
PMID:21873524	2011	pubmed
PMID:22007143	2011	pubmed
PMID:22019736	2011	pubmed
PMID:22039305	2011	pubmed
PMID:22043012	2011	pubmed
PMID:22044339	2012	pubmed
PMID:22058411	2011	pubmed
PMID:22069260	2011	pubmed
PMID:22101157	2011	pubmed
PMID:22101158	2011	pubmed
PMID:22140258	2012	pubmed
PMID:22210916	2012	pubmed
PMID:22233579	2012	pubmed
PMID:22245737	2012	pubmed
PMID:22278241	2012	pubmed
PMID:22314361	2012	pubmed
PMID:22315318	2012	pubmed
PMID:22323539	2012	pubmed
PMID:22431638	2012	pubmed
PMID:22522618	2012	pubmed
PMID:22683743	2012	pubmed
PMID:22745779	2012	pubmed
PMID:22763862	2012	pubmed
PMID:22809501	2012	pubmed
PMID:22821960	2012	pubmed
PMID:22855712	2012	pubmed
PMID:22862959	2012	pubmed
PMID:22949678	2012	pubmed
PMID:22987800	2012	pubmed
PMID:23028307	2012	pubmed
PMID:23063329	2012	pubmed
PMID:23091041	2012	pubmed
PMID:23155466	2012	pubmed
PMID:23161907	2012	pubmed
PMID:23267020	2013	pubmed
PMID:23281269	2013	pubmed
PMID:23404526	2013	pubmed
PMID:23521884	2013	pubmed
PMID:23569211	2013	pubmed
PMID:23633956	2013	pubmed
PMID:23637823	2013	pubmed
PMID:23690473	2013	pubmed
PMID:23698002	2013	pubmed
PMID:23805144	2013	pubmed
PMID:23878218	2013	pubmed
PMID:23933763	2014	pubmed
PMID:24068737	2013	pubmed
PMID:24069285	2013	pubmed
PMID:24136005	2013	pubmed
PMID:24192765	2013	pubmed
PMID:24196962	2014	pubmed
PMID:24211184	2013	pubmed
PMID:24512815	2014	pubmed
PMID:24550723	2014	pubmed
PMID:24567532	2014	pubmed
PMID:24600035	2014	pubmed
PMID:24683185	2014	pubmed
PMID:24711416	2014	pubmed
PMID:24759101	2014	pubmed
PMID:24777060	2014	pubmed
PMID:24778446	2014	pubmed
PMID:24812403	2014	pubmed
PMID:24813203	2014	pubmed
PMID:24846220	2014	pubmed
PMID:24854337	2014	pubmed
PMID:24855945	2014	pubmed
PMID:24906112	2014	pubmed
PMID:24967892	2014	pubmed
PMID:24995984	2014	pubmed
PMID:25015819	2014	pubmed
PMID:25070853	2014	pubmed
PMID:25115805	2014	pubmed
PMID:25157096	2015	pubmed
PMID:25165855	2014	pubmed
PMID:25243920	2014	pubmed
PMID:25267644	2014	pubmed
PMID:25302633	2015	pubmed
PMID:25320304	2015	pubmed
PMID:25339770	2015	pubmed
PMID:25348595	2014	pubmed
PMID:25355921	2014	pubmed
PMID:25415440	2015	pubmed
PMID:25452463	2014	pubmed
PMID:25471691	2015	pubmed
PMID:25576336	2015	pubmed
PMID:25593185	2015	pubmed
PMID:25609818	2015	pubmed
PMID:25681349	2015	pubmed
PMID:25780041	2015	pubmed
PMID:25784151	2015	pubmed
PMID:25801351	2015	pubmed
PMID:25804828	2015	pubmed
PMID:25837513	2015	pubmed
PMID:25911754	2015	pubmed
PMID:25925682	2015	pubmed
PMID:25943533	2015	pubmed
PMID:25948817	2015	pubmed
PMID:26291626	2015	pubmed
PMID:26344747	2014	pubmed
PMID:26429912	2015	pubmed
PMID:26429982	2015	pubmed
PMID:26437244	2015	pubmed
PMID:26509579	2015	pubmed
PMID:26516200	2015	pubmed
PMID:26523866	2016	pubmed
PMID:26557806	2015	pubmed
PMID:26688548	2016	pubmed
PMID:26701267	2016	pubmed
PMID:26758806	2016	pubmed
PMID:26800118	2016	pubmed
PMID:26808500	2016	pubmed
PMID:26838051	2016	pubmed
PMID:26860370	2016	pubmed
PMID:26901407	2016	pubmed
PMID:26917722	2016	pubmed
PMID:26983786	2016	pubmed
PMID:27036003	2016	pubmed
PMID:27111229	2016	pubmed
PMID:27181332	2018	pubmed
PMID:27183386	2016	pubmed
PMID:27183389	2016	pubmed
PMID:27192577	2016	pubmed
PMID:27198675	2016	pubmed
PMID:27238970	2016	pubmed
PMID:27239036	2016	pubmed
PMID:27252176	2016	pubmed
PMID:27312342	2016	pubmed
PMID:27332899	2016	pubmed
PMID:27421704	2016	pubmed
PMID:27471234	2016	pubmed
PMID:27507557	2017	pubmed
PMID:27568928	2016	pubmed
PMID:27604323	2016	pubmed
PMID:27645996	2016	pubmed
PMID:27699233	2016	pubmed
PMID:27717799	2016	pubmed
PMID:27760342	2016	pubmed
PMID:27827318	2017	pubmed
PMID:27853786	2016	pubmed
PMID:27903649	2017	pubmed
PMID:27920090	2017	pubmed
PMID:27959684	2016	pubmed
PMID:28093446	2017	pubmed
PMID:28103239	2017	pubmed
PMID:28146579	2017	pubmed
PMID:28250417	2017	pubmed
PMID:28300170	2017	pubmed
PMID:28332333	2017	pubmed
PMID:28369038	2017	pubmed
PMID:28423320	2017	pubmed
PMID:28467828	2017	pubmed
PMID:28508865	2017	pubmed
PMID:28572406	2017	pubmed
PMID:28615212	2017	pubmed
PMID:28623251	2017	pubmed
PMID:28629751	2017	pubmed
PMID:28636589	2017	pubmed
PMID:28636592	2017	pubmed
PMID:28724766	2017	pubmed
PMID:28874533	2017	pubmed
PMID:28931605	2017	pubmed
PMID:28934479	2017	pubmed
PMID:28945243	2017	pubmed
PMID:28972094	2017	pubmed
PMID:28972140	2017	pubmed
PMID:28975614	2018	pubmed
PMID:28993513	2017	pubmed
PMID:29123959	2017	pubmed
PMID:29150238	2017	pubmed
PMID:29174843	2018	pubmed
PMID:29209312	2017	pubmed
PMID:29255035	2018	pubmed
PMID:29275860	2018	pubmed
PMID:29360643	2018	pubmed
PMID:29429978	2018	pubmed
PMID:29483360	2018	pubmed
PMID:29483513	2018	pubmed
PMID:29531227	2018	pubmed
PMID:29541393	2018	pubmed
PMID:29568993	2018	pubmed
PMID:29669936	2018	pubmed
PMID:29712852	2018	pubmed
PMID:29720506	2018	pubmed
PMID:29720507	2018	pubmed
PMID:29720508	2018	pubmed
PMID:29752423	2018	pubmed
PMID:29782535	2018	pubmed
PMID:29867227	2018	pubmed
PMID:29884618	2018	pubmed
PMID:29895573	2018	pubmed
PMID:29951051	2018	pubmed
PMID:29967140	2018	pubmed
PMID:29997621	2018	pubmed
PMID:30008257	2018	pubmed
PMID:30021852	2018	pubmed
PMID:30053426	2018	pubmed
PMID:30214446	2018	pubmed
PMID:30224695	2018	pubmed
PMID:30232458	2018	pubmed
PMID:30275329	2018	pubmed
PMID:30282837	2018	pubmed
PMID:30291143	2018	pubmed
PMID:30418433	2018	pubmed
PMID:30451992	2018	pubmed
PMID:30455354	2019	pubmed
PMID:30459272	2018	pubmed
PMID:30479346	2018	pubmed
PMID:30487790	2018	pubmed
PMID:30530988	2019	pubmed
PMID:30541895	2018	pubmed
PMID:30568307	2019	pubmed
PMID:30575715	2018	pubmed
PMID:30587531	2019	pubmed
PMID:30617019	2019	pubmed
PMID:30619245	2018	pubmed
PMID:30626427	2019	pubmed
PMID:30640174	2019	pubmed
PMID:30709841	2019	pubmed
PMID:30714987	2019	pubmed
PMID:30737354	2019	pubmed
PMID:30744692	2019	pubmed
PMID:30813491	2019	pubmed
PMID:30880120	2019	pubmed
PMID:30952805	2019	pubmed
PMID:31015344	2019	pubmed
PMID:31036766	2019	pubmed
PMID:31043415	2019	pubmed
PMID:31091334	2019	pubmed
PMID:31102700	2019	pubmed
PMID:31209405	2019	pubmed
PMID:31223481	2019	pubmed
PMID:31243155	2019	pubmed
PMID:31324691	2019	pubmed
PMID:31471352	2019	pubmed
PMID:31502632	2019	pubmed
PMID:31609250	2019	pubmed
PMID:31655052	2020	pubmed
PMID:31685621	2019	pubmed
PMID:31686124	2019	pubmed
PMID:31765434	2019	pubmed
PMID:31781096	2019	pubmed
PMID:31811120	2019	pubmed
PMID:31818981	2020	pubmed
PMID:31873306	2020	pubmed
PMID:31915375	2020	pubmed
PMID:31956412	2020	pubmed
PMID:31974305	2020	pubmed
PMID:32081129	2020	pubmed
PMID:32102902	2020	pubmed
PMID:32140156	2020	pubmed
PMID:32179557	2020	pubmed
PMID:32184241	2020	pubmed
PMID:32184297	2020	pubmed
PMID:32229538	2020	pubmed
PMID:32310221	2020	pubmed
PMID:32314731	2020	pubmed
PMID:32318072	2020	pubmed
PMID:32341563	2020	pubmed
PMID:32393905	2020	pubmed
PMID:32425926	2020	pubmed
PMID:32461371	2020	pubmed
PMID:32470143	2020	pubmed
PMID:32494613	2020	pubmed
PMID:32500232	2020	pubmed
PMID:32518267	2020	pubmed
PMID:32532817	2020	pubmed
PMID:32641478	2020	pubmed
PMID:32660279	2021	pubmed
PMID:32668259	2020	pubmed
PMID:32716298	2020	pubmed
PMID:32786043	2020	pubmed
PMID:32807968	2020	pubmed
PMID:32808978	2022	pubmed
PMID:32817371	2020	pubmed
PMID:32868409	2020	pubmed
PMID:32913893	2020	pubmed
PMID:33074657	2020	pubmed
PMID:33091337	2020	pubmed
PMID:33101265	2020	pubmed
PMID:33125463	2020	pubmed
PMID:33303615	2020	pubmed
PMID:33326767	2020	pubmed
PMID:33468649	2021	pubmed
PMID:33483338	2021	pubmed
PMID:33537173	2021	pubmed
PMID:33616082	2021	pubmed
PMID:33630763	2021	pubmed
PMID:33637530	2021	pubmed
PMID:33649568	2021	pubmed
PMID:33664060	2021	pubmed
PMID:33766848	2021	pubmed
PMID:33811047	2021	pubmed
PMID:33830946	2021	pubmed
PMID:33837283	2021	pubmed
PMID:33841327	2021	pubmed
PMID:33875134	2021	pubmed
PMID:33927715	2021	pubmed
PMID:33945786	2021	pubmed
PMID:33951417	2021	pubmed
PMID:33972535	2021	pubmed
PMID:33990328	2021	pubmed
PMID:34004140	2021	pubmed
PMID:34006597	2021	pubmed
PMID:34046897	2021	pubmed
PMID:34061349	2021	pubmed
PMID:34074778	2021	pubmed
PMID:34083463	2021	pubmed
PMID:34086357	2021	pubmed
PMID:34168045	2021	pubmed
PMID:34210785	2021	pubmed
PMID:34222571	2022	pubmed
PMID:34270940	2021	pubmed
PMID:34272369	2021	pubmed
PMID:34290408	2021	pubmed
PMID:34321228	2021	pubmed
PMID:34330762	2021	pubmed
PMID:34341170	2021	pubmed
PMID:34384783	2021	pubmed
PMID:34424997	2021	pubmed
PMID:34433824	2021	pubmed
PMID:34467251	2021	pubmed
PMID:34471285	2021	pubmed
PMID:34518289	2021	pubmed
PMID:34583647	2021	pubmed
PMID:34611019	2021	pubmed
PMID:34647971	2021	pubmed
PMID:34651586	2021	pubmed
PMID:34659195	2021	pubmed
PMID:34685626	2021	pubmed
PMID:34782741	2022	pubmed
PMID:34793243	2022	pubmed
PMID:34811538	2021	pubmed
PMID:34853448	2022	pubmed
PMID:34880106	2022	pubmed
PMID:34919442	2021	pubmed
PMID:34919800	2021	pubmed
PMID:34968416	2022	pubmed
PMID:35013235	2022	pubmed
PMID:35026152	2022	pubmed
PMID:35061630	2022	pubmed
PMID:35105810	2022	pubmed
PMID:35108401	2022	pubmed
PMID:35119226	2022	pubmed
PMID:35124005	2022	pubmed
PMID:35162953	2022	pubmed
PMID:35173258	2022	pubmed
PMID:35173732	2022	pubmed
PMID:35314848	2022	pubmed
PMID:35379810	2022	pubmed
PMID:35383307	2022	pubmed
PMID:35401538	2022	pubmed
PMID:35452490	2022	pubmed
PMID:35484264	2022	pubmed
PMID:35486722	2022	pubmed
PMID:35525797	2022	pubmed
PMID:35587797	2022	pubmed
PMID:35589842	2022	pubmed
PMID:35667687	2022	pubmed
PMID:35675811	2022	pubmed
PMID:35687696	2022	pubmed
PMID:35750048	2022	pubmed
PMID:35851311	2022	pubmed
PMID:35878026	2022	pubmed
PMID:35914171	2022	pubmed
PMID:35931021	2022	pubmed
PMID:35950597	2022	pubmed
PMID:35967292	2022	pubmed
PMID:35967379	2022	pubmed
PMID:35985289	2022	pubmed
PMID:35990517	2022	pubmed
PMID:35999236	2022	pubmed
PMID:36032090	2022	pubmed
PMID:36044599	2022	pubmed
PMID:36081501	2022	pubmed
PMID:36088370	2022	pubmed
PMID:36121440	2023	pubmed
PMID:36122410	2022	pubmed
PMID:36130828	2022	pubmed
PMID:36130929	2022	pubmed
PMID:36134660	2022	pubmed
PMID:36174557	2022	pubmed
PMID:36180070	2022	pubmed
PMID:36189878	2022	pubmed
PMID:36201943	2022	pubmed
PMID:36275878	2022	pubmed
PMID:36298482	2022	pubmed
PMID:36302754	2022	pubmed
PMID:36408799	2022	pubmed
PMID:36424374	2022	pubmed
PMID:36466875	2022	pubmed
PMID:36477533	2022	pubmed
PMID:36494499	2022	pubmed
PMID:36512410	2023	pubmed
PMID:36516854	2022	pubmed
PMID:36526616	2022	pubmed
PMID:36603035	2023	pubmed
PMID:36603583	2023	pubmed
PMID:36604540	2023	pubmed
PMID:36711524	2023	pubmed
PMID:36806685	2023	pubmed
PMID:36831375	2023	pubmed
PMID:36923729	2022	pubmed
PMID:36979775	2023	pubmed
PMID:37023751	2023	pubmed
PMID:37030296	2023	pubmed
PMID:37076248	2023	pubmed
PMID:37100059	2023	pubmed
PMID:37100770	2023	pubmed
PMID:37133356	2023	pubmed
PMID:37193826	2023	pubmed
PMID:37217466	2023	pubmed
PMID:37231180	2023	pubmed
PMID:37280206	2023	pubmed
PMID:37287989	2023	pubmed
PMID:37317804	2023	pubmed
PMID:37325645	2023	pubmed
PMID:37359417	2023	pubmed
PMID:37390223	2023	pubmed
PMID:37418020	2023	pubmed
PMID:37468623	2023	pubmed
PMID:37490916	2023	pubmed
PMID:37662363	2024	pubmed
PMID:37749325	2023	pubmed
PMID:37783807	2023	pubmed
PMID:37828002	2023	pubmed
PMID:37828378	2023	pubmed
PMID:37837618	2023	pubmed
PMID:37849763	2023	pubmed
PMID:37872153	2023	pubmed
PMID:37974400	2024	pubmed
PMID:38053994	2023	pubmed
PMID:38057617	2024	pubmed
PMID:38077028	2024	pubmed
PMID:38100526	2023	pubmed
PMID:38239352	2023	pubmed
PMID:38277625	2024	pubmed
PMID:38306431	2024	pubmed
PMID:38321013	2024	pubmed
PMID:38370623	2025	pubmed
PMID:38370810	2025	pubmed
PMID:38439958	2024	pubmed
PMID:38446892	2024	pubmed
PMID:38452777	2024	pubmed
PMID:38458195	2024	pubmed
PMID:38508137	2024	pubmed
PMID:38521764	2024	pubmed
PMID:38524140	2024	pubmed
PMID:38536748	2024	pubmed
PMID:38588339	2024	pubmed
PMID:38608022	2024	pubmed
PMID:38653798	2025	pubmed
PMID:38659368	2024	pubmed
PMID:38684663	2024	pubmed
PMID:38684865	2024	pubmed
PMID:38691588	2024	pubmed
PMID:38737448	2024	pubmed
PMID:38816232	2024	pubmed
PMID:38819988	2024	pubmed
PMID:38832948	2024	pubmed
PMID:38855806	2024	pubmed
PMID:38861490	2024	pubmed
PMID:38866784	2024	pubmed
PMID:38898278	2024	pubmed
PMID:38956325	2025	pubmed
PMID:39002680	2024	pubmed
PMID:39024572	2024	pubmed
PMID:39030753	2024	pubmed
PMID:39043656	2024	pubmed
PMID:39074636	2024	pubmed
PMID:39083376	2024	pubmed
PMID:39151427	2024	pubmed
PMID:39164477	2024	pubmed
PMID:39259326	2025	pubmed
PMID:39286976	2024	pubmed
PMID:39287991	2024	pubmed
PMID:39292790	2024	pubmed
PMID:39302694	2025	pubmed
PMID:39500929	2024	pubmed
PMID:39554513	2024	pubmed
PMID:39576860	2024	pubmed
PMID:39578466	2024	pubmed
PMID:39746936	2025	pubmed
PMID:39748060	2025	pubmed
PMID:39819441	2025	pubmed
PMID:39842638	2025	pubmed
PMID:39846249	2025	pubmed
PMID:39875585	2025	pubmed
PMID:39902862	2025	pubmed
PMID:39915487	2025	pubmed
PMID:39917357	2025	pubmed
PMID:39919196	2025	pubmed
PMID:39982976	2025	pubmed
PMID:40034846	2025	pubmed
PMID:40057520	2025	pubmed
PMID:40109335	2025	pubmed
PMID:40154610	2025	pubmed
PMID:40165973	2025	pubmed
PMID:40199885	2025	pubmed
PMID:40203088	2025	pubmed
PMID:40205806	2025	pubmed
PMID:40250246	2025	pubmed
PMID:40273911	2025	pubmed
PMID:40316304	2025	pubmed
PMID:40359936	2025	pubmed
PMID:40443655	2025	pubmed
PMID:40461160	2025	pubmed
PMID:40466907	2025	pubmed
PMID:40470869	2025	pubmed
PMID:40480654	2025	pubmed
PMID:40498839	2025	pubmed
PMID:40577481	2025	pubmed
PMID:40631515	2025	pubmed
PMID:40640147	2025	pubmed
PMID:40681176	2025	pubmed
PMID:40687378	2025	pubmed
PMID:40694338	2025	pubmed
PMID:40713946	2025	pubmed
PMID:40744664	2025	pubmed
PMID:40847198	2025	pubmed
PMID:40877317	2025	pubmed
PMID:40892914	2025	pubmed
PMID:40949756	2025	pubmed
PMID:41019458	2025	pubmed
PMID:41034205	2025	pubmed
PMID:41042909	2025	pubmed
PMID:41056506	2026	pubmed
PMID:41098775	2025	pubmed
PMID:41279151	2025	pubmed
PMID:41286513	2025	pubmed
PMID:41294842	2025	pubmed
PMID:41315082	2026	pubmed
PMID:41372155	2025	pubmed
PMID:41376632	2025	pubmed
PMID:41407706	2025	pubmed
PMID:41424382	2025	pubmed
PMID:41481462	2026	pubmed
PMID:41500040	2026	pubmed
PMID:41610844	2026	pubmed
PMID:41644530	2026	pubmed
PMID:41644766	2026	pubmed
PMID:41686909	2026	pubmed
PMID:41702949	2026	pubmed
PMID:41709576	2026	pubmed
PMID:41842944	2026	pubmed
PMID:42120368	2026	pubmed
PMID:42125653	2026	pubmed
PMID:42129507	2026	pubmed
PMID:42190640	2026	pubmed
PMID:42190883	2026	pubmed
PMID:42216538	2026	pubmed
PMID:42234741	2026	pubmed
PMID:42305594	2026	pubmed
PMID:42624530	2026	pubmed
PMID:42691161	2026	pubmed
PMID:42826196	2026	pubmed
PMID:7807026	1995	pubmed
PMID:7964506	1994	pubmed
PMID:8605917	1996	pubmed
PMID:8647184	1996	pubmed
PMID:8752841	1996	pubmed
PMID:8906788	1996	pubmed
PMID:8955188	1996	pubmed
PMID:9207000	1997	pubmed
PMID:9278327	1997	pubmed
PMID:9285407	1997	pubmed
PMID:9469799	1998	pubmed
PMID:9560256	1998	pubmed
PMID:9586631	1998	pubmed
PMID:9705959	1998	pubmed
PMID:9705961	1998	pubmed
PMID:9820521	1998	pubmed
PMID:9862375	1998	pubmed
PMID:9971792	1999	pubmed
doi:10.1101/2021.06.06.447276	2021	biorxiv-doi
doi:10.1101/2021.09.09.459584	2021	doi
http://mediatum.ub.tum.de/doc/1136748	2014	literal
https://arxiv.org/abs/2503.00648	2025	arxiv
https://doi.org/10.1101/2020.05.04.20085779	2020	biorxiv-doi
https://github.com/antigenomics/vdjdb-db/issues/193	2017	github
https://github.com/antigenomics/vdjdb-db/issues/215	2017	github
https://github.com/antigenomics/vdjdb-db/issues/252	2018	github
https://github.com/antigenomics/vdjdb-db/issues/288	2019	github
https://github.com/antigenomics/vdjdb-db/issues/289	2019	literal
https://github.com/antigenomics/vdjdb-db/issues/315	2020	github
https://github.com/antigenomics/vdjdb-db/issues/323	2021	github
https://github.com/antigenomics/vdjdb-db/issues/333	2022	github
https://github.com/antigenomics/vdjdb-db/issues/397	2024	github
https://github.com/antigenomics/vdjdb-db/issues/62	2014	literal
https://patents.google.com/patent/CN111592589A	2020	patent-publication-metadata
https://patents.google.com/patent/CN111592590A	2020	patent-publication-metadata
https://patents.google.com/patent/CN120665183A	2025	patent
https://patents.google.com/patent/EP3149031B1	2019	patent-publication-metadata
https://patents.google.com/patent/JP2017169566A	2017	patent-publication-metadata
https://patents.google.com/patent/JP6625705B2	2019	patent
https://patents.google.com/patent/US10004801B2	2018	patent-publication-metadata
https://patents.google.com/patent/US11203627B2	2021	patent-publication-metadata
https://patents.google.com/patent/US11471489B2	2022	patent-publication-metadata
https://patents.google.com/patent/US20110280894A1	2011	patent-publication-id
https://patents.google.com/patent/US2017044233A1	2017	patent-publication-id
https://patents.google.com/patent/US20180273602A1	2018	patent-publication-id
https://patents.google.com/patent/US20220324939A1	2022	patent-publication-id
https://patents.google.com/patent/US20230060095A1	2023	patent-publication-id
https://patents.google.com/patent/US20230374101A1	2023	patent
https://patents.google.com/patent/US20240000834A1	2024	patent
https://patents.google.com/patent/US20240123070A1	2024	patent
https://patents.google.com/patent/US20240132569A	2024	patent-publication-metadata
https://patents.google.com/patent/US20250122263A1	2025	patent-publication-id
https://patents.google.com/patent/WO2010058023A1	2010	patent-publication-id
https://patents.google.com/patent/WO2016142783A2	2016	patent-publication-id
https://patents.google.com/patent/WO2016177195A1	2016	patent-publication-id
https://patents.google.com/patent/WO2017044672A1	2017	patent-publication-id
https://patents.google.com/patent/WO2017048593A1	2017	patent-publication-id
https://patents.google.com/patent/WO2017174823A1	2017	patent-publication-id
https://patents.google.com/patent/WO2018026691A1	2018	patent-publication-id
https://patents.google.com/patent/WO2019060349A1	2019	patent-publication-id
https://patents.google.com/patent/WO2019112941A1	2019	patent
https://patents.google.com/patent/WO2019204683A1	2019	patent-publication-id
https://patents.google.com/patent/WO2020086647A1	2020	patent-publication-id
https://patents.google.com/patent/WO2020154275A1	2020	patent
https://patents.google.com/patent/WO2020167918A1	2020	patent
https://patents.google.com/patent/WO2021163434A1	2021	patent
https://patents.google.com/patent/WO2021163477A1	2021	patent-publication-id
https://patents.google.com/patent/WO2021173902A1	2021	patent
https://patents.google.com/patent/WO2021224261A1	2021	patent
https://patents.google.com/patent/WO2021236548A1	2021	patent-publication-id
https://patents.google.com/patent/WO2022015694A8	2023	patent
https://patents.google.com/patent/WO2022229966A1	2022	patent
https://patents.google.com/patent/WO2022243514A1	2022	patent-publication-id
https://patents.google.com/patent/WO2022251283A1	2022	patent-publication-id
https://patents.google.com/patent/WO2023213904	2023	patent-publication-metadata
https://patents.google.com/patent/WO2024081858A1	2024	patent-publication-id
https://patents.google.com/patent/WO2024148178A2	2024	patent
https://patents.google.com/patent/WO2024148181A2	2024	patent
https://patents.google.com/patent/WO2024148183A2	2024	patent-publication-id
https://patents.google.com/patent/WO2024148185A2	2024	patent-publication-id
https://patents.google.com/patent/WO2024153644A1	2024	patent-publication-id
https://patents.google.com/patent/WO2024163935A2	2024	patent-publication-id
https://patents.google.com/patent/WO2024182219A1	2024	patent-publication-id
https://patents.google.com/patent/WO2024215872	2024	patent-publication-metadata
https://patents.google.com/patent/WO2025006196A1	2025	patent
https://patents.google.com/patent/WO2025027604A1	2025	patent-publication-id
https://www.10xgenomics.com/resources/application-notes/a-new-way-of-exploring-immunity-linking-highly-multiplexed-antigen-recognition-to-immune-repertoire-and-phenotype/#	2019	literal
https://www.rcsb.org/structure/4EUP	2013	rcsb
https://www.rcsb.org/structure/4FTV	2013	rcsb
https://www.rcsb.org/structure/4NHU	2015	rcsb
https://www.rcsb.org/structure/7NA5	2022	rcsb
https://www.rcsb.org/structure/7NMF	2022	rcsb
https://www.rcsb.org/structure/7RDV	2022	rcsb
https://www.rcsb.org/structure/7RK7	2022	rcsb
https://www.rcsb.org/structure/7T2B	2022	rcsb
https://www.rcsb.org/structure/7T2C	2022	rcsb
https://www.rcsb.org/structure/7T2D	2022	rcsb
https://www.rcsb.org/structure/8ES9	2023	rcsb
https://www.rcsb.org/structure/8F5A	2024	rcsb
https://www.rcsb.org/structure/8I5C	2023	rcsb
https://www.rcsb.org/structure/8I5D	2023	rcsb
https://www.rcsb.org/structure/8RJ5	2025	rcsb
https://www.rcsb.org/structure/8RLT	2024	rcsb
https://www.rcsb.org/structure/8RLU	2024	rcsb
https://www.rcsb.org/structure/8RLV	2024	rcsb
https://www.rcsb.org/structure/8RYM	2024	rcsb
https://www.rcsb.org/structure/8RYN	2024	rcsb
https://www.rcsb.org/structure/8RYO	2024	rcsb
https://www.rcsb.org/structure/8RYP	2024	rcsb
https://www.rcsb.org/structure/8RYQ	2024	rcsb
https://www.rcsb.org/structure/8VQ8	2025	rcsb
https://www.rcsb.org/structure/9AUD	2025	rcsb
https://www.rcsb.org/structure/9D95	2025	rcsb
https://www.rcsb.org/structure/9EJG	2025	rcsb
https://www.rcsb.org/structure/9EJH	2025	rcsb
https://www.rcsb.org/structure/9EJI	2025	rcsb
https://www.rcsb.org/structure/9HLJ	2025	rcsb
https://www.rcsb.org/structure/9J4S	2025	rcsb
https://www.rcsb.org/structure/9J4T	2025	rcsb
https://www.rcsb.org/structure/9J4U	2025	rcsb
https://www.rcsb.org/structure/9K2I	2025	rcsb
https://www.rcsb.org/structure/9K2R	2025	rcsb
https://www.rcsb.org/structure/9RU5	2025	rcsb
https://www.rcsb.org/structure/9RUP	2025	rcsb
https://www.rcsb.org/structure/9RXM	2025	rcsb
https://www.rcsb.org/structure/9WBD	2025	rcsb
