pmid	doi
10051632	10.1073/pnas.96.5.2279
10358174	
10435578	10.1016/s1074-7613(00)80080-1
10449525	10.1084/jem.190.4.543
10583947	10.1126/science.286.5446.1913
10623806	10.4049/jimmunol.164.2.649
10671225	10.1002/1521-4141(200002)30:2<671::AID-IMMU671>3.0.CO;2-H
10686174	10.1093/brain/123.3.508
10755612	10.1016/s1074-7613(00)80178-8
10756006	10.1128/jvi.74.9.3948-3952.2000
10925283	10.4049/jimmunol.165.4.2001
11017099	10.1038/79728
11046006	10.4049/jimmunol.165.9.4831
11060013	10.1093/emboj/19.21.5611
11238586	10.1084/jem.193.5.551
11325844	
11592365	10.1002/1529-0131(200109)44:9<2038::AID-ART353>3.0.CO;2-1
11756174	10.1182/blood.v99.1.213
11862219	10.1038/ni770
11877480	10.1084/jem.20011194
11911820	10.1016/s1074-7613(02)00288-1
11930311	10.1086/339963
11994422	10.1084/jem.20011644
12067472	10.1111/j.1582-4934.2001.tb00173.x
12093915	10.1073/pnas.142308199
12165524	10.4049/jimmunol.169.4.1984
12244153	10.4049/jimmunol.169.7.3622
12244204	10.4049/jimmunol.169.7.4017
12466894	10.1007/s00251-002-0508-y
12469116	10.1038/ni863
12504586	10.1006/viro.2002.1743
12530975	10.1016/s1074-7613(02)00513-7
12555663	10.1002/1521-4141(200211)32:11<3181::AID-IMMU3181>3.0.CO;2-2
12563259	10.1038/ni891
12574392	10.4049/jimmunol.170.4.2186
12616496	10.1002/eji.200323628
12682221	10.4049/jimmunol.170.8.3945
12734356	10.4049/jimmunol.170.10.5103
12778473	10.1002/eji.200323715
12796775	10.1038/ni942
12880423	10.1046/j.1523-1747.2003.12368.x
12910264	10.1038/nm914
12950684	10.1046/j.1365-3083.2003.01312.x
14563323	10.1016/s1074-7613(03)00269-3
14568971	10.4049/jimmunol.171.9.4898
14690592	10.1016/s1097-2765(03)00474-x
15128793	10.4049/jimmunol.172.10.6087
15368281	10.1002/eji.200425413
15379861	10.1111/j.0300-9475.2004.01487.x
15452345	10.1073/pnas.0405743101
15583017	10.1084/jem.20041251
15589168	10.1016/j.immuni.2004.10.010
15591521	10.1136/gut.2003.032920
15596521	10.1084/jem.20032044
15611258	10.4049/jimmunol.174.1.345
15640805	10.1038/ni1155
15664161	10.1016/j.immuni.2004.11.015
15665083	10.1073/pnas.0409022102
15670602	10.1016/j.jmb.2004.11.063
15753288	10.1073/pnas.0408773102
15821740	10.1038/ni1187
15837811	10.1084/jem.20042323
15843542	10.4049/jimmunol.174.9.5433
15849183	10.1074/jbc.M503060200
15889096	10.1038/nature03625
15925833	10.1016/j.clim.2005.02.013
15951824	10.1038/nm1257
15956596	10.1128/JVI.79.13.8545-8559.2005
16079912	10.1038/sj.emboj.7600771
16148129	10.4049/jimmunol.175.6.3826
16177068	10.4049/jimmunol.175.7.4283
16177129	10.4049/jimmunol.175.7.4797
16186824	10.1038/ni1257
16237109	10.4049/jimmunol.175.9.6123
16322475	10.1182/blood-2005-04-1636
16326979	10.1182/blood-2005-06-2261
16415105	10.1093/intimm/dxh376
16474394	10.1038/ni1312
16552058	10.1128/IAI.74.4.2277-2285.2006
16600963	10.1110/ps.051936406
16751360	10.4049/jimmunol.176.12.7171
16772368	10.1093/intimm/dxl052
16962135	10.1016/j.jmb.2006.08.045
16982909	10.4049/jimmunol.177.7.4699
17056587	10.4049/jimmunol.177.9.6548
17082594	10.4049/jimmunol.177.10.6804
17114426	10.4049/jimmunol.177.11.7567
17121793	10.1128/JVI.01580-06
1716213	10.1002/eji.1830210930
17259989	10.1038/ni1432
17287271	10.1128/JVI.01388-06
17334368	10.1038/ni1447
17363906	10.1038/sj.emboj.7601605
17418792	10.1016/j.cell.2007.01.048
17459926	10.1128/JVI.00356-07
17553613	10.1016/j.exphem.2007.04.008
17617598	10.4049/jimmunol.179.2.1058
17644531	10.1093/protein/gzm033
17694060	10.1038/ni1502
17709536	10.4049/jimmunol.179.5.3203
17716684	10.1016/j.jim.2007.07.016
17719490	10.1016/j.chembiol.2007.07.010
17825839	10.1016/j.jmb.2007.07.028
17893201	10.1084/jem.20070784
18025130	10.1084/jem.20061865
18178822	10.4049/jimmunol.180.2.833
18193057	10.1038/nm1704
18250421	10.4049/jimmunol.180.4.2149
18270323	10.1182/blood-2007-11-122622
18275829	10.1016/j.immuni.2007.12.018
18308592	10.1016/j.immuni.2008.01.008
18356084	10.1016/j.immuni.2008.02.014
18424733	10.4049/jimmunol.180.9.6116
18566378	10.4049/jimmunol.181.1.136
18626021	10.1073/pnas.0801648105
18802118	10.4049/jimmunol.181.7.5137
18802479	10.1172/JCI35449
18922097	10.1086/593019
18929574	10.1016/j.jmb.2008.09.069
18941216	10.4049/jimmunol.181.9.6255
19008075	10.1016/j.jaut.2008.09.004
19014475	10.1186/1742-4933-5-14
19017975	10.4049/jimmunol.181.11.7853
19139173	10.1084/jem.20082136
19167249	10.1016/j.immuni.2008.11.011
19286348	10.1016/j.jaut.2009.02.003
19303388	10.1016/j.immuni.2009.01.009
19342630	10.4049/jimmunol.0803893
19349463	10.1084/jem.20081127
19403059	10.1038/cmi.2009.14
19542443	10.4049/jimmunol.0803647
19542454	10.4049/jimmunol.0900556
19605354	10.1074/jbc.M109.022509
19605594	10.1128/CVI.00106-09
19698083	10.1042/BJ20090732
19755422	10.1074/jbc.M109.040501
19776383	10.1182/blood-2009-04-214684
19786555	10.4049/jimmunol.0901460
19801983	10.1038/ni.1797
19834548	10.1371/journal.ppat.1000618
19864595	10.4049/jimmunol.0902233
20059576	10.1111/j.1365-2567.2009.03218.x
20064447	10.1016/j.immuni.2009.11.003
20064448	10.1016/j.immuni.2009.09.025
20086230	10.2337/db09-0498
20139278	10.4049/jimmunol.0903622
20407212	10.1172/JCI41502
20411564	10.1002/eji.201040310
20432235	10.1002/eji.200940079
20483993	10.1073/pnas.1004926107
20566715	10.1084/jem.20100603
20639478	10.4049/jimmunol.1000629
20681514	10.1021/bi901969a
20823160	10.1158/0008-5472.CAN-10-1326
20844564	10.1038/leu.2010.186
21081917	10.1038/ncomms1117
21098221	10.4049/jimmunol.1002613
21118816	10.1074/jbc.M110.191437
21124993	10.1371/journal.ppat.1001198
21135165	10.4049/jimmunol.1001807
21157435	10.1038/mt.2010.267
21160049	10.4049/jimmunol.1003167
21199956	10.1084/jem.20100725
21264852	10.1002/eji.201040625
21282516	10.4049/jimmunol.1003150
21297580	10.1038/emboj.2011.21
21490152	10.4049/jimmunol.1100197
21490153	10.4049/jimmunol.1002348
21555537	10.4049/jimmunol.1003309
21562156	10.4049/jimmunol.1004234
21562577	10.1038/gene.2011.24
21606376	10.1073/pnas.1106851108
21625449	10.1371/journal.pone.0020217
21645925	10.1016/j.molimm.2011.05.009
21683626	10.1016/j.immuni.2011.04.017
21690251	10.1084/jem.20110574
21734237	10.1182/blood-2011-01-328781
21752903	10.1128/JVI.00460-11
21795600	10.4049/jimmunol.1101268
21849672	10.4049/jimmunol.1101526
21873524	10.4049/jimmunol.1101872
22007143	10.1155/2011/497364
22019736	10.1016/j.jmb.2011.10.006
22039305	10.4049/jimmunol.1003937
22043012	10.4049/jimmunol.1100746
22044339	10.1111/j.1365-2567.2011.03508.x
22069260	10.1002/dmrr.1252
22101157	10.1016/j.immuni.2011.09.013
22101158	10.1016/j.immuni.2011.10.012
22140258	10.4049/jimmunol.1102686
22210916	10.4049/jimmunol.1102610
22233579	10.1038/mt.2011.286
22245737	10.1038/ni.2206
22278241	10.1128/JVI.06982-11
22314361	10.1038/ncomms1665
22315318	10.2337/db11-1113
22323539	10.4049/jimmunol.1102675
22431638	10.1073/pnas.1118801109
22522618	10.2337/db11-1520
22683743	10.1038/ni.2342
22745779	10.1371/journal.pone.0039533
22763862	10.1007/s10875-012-9729-5
22809501	10.1016/j.bbrc.2012.07.018
22821960	10.4049/jimmunol.1200664
22855712	10.4049/jimmunol.1200645
22862959	10.1111/j.1474-9726.2012.00867.x
22949678	10.1073/pnas.1208696109
22987800	10.1084/jem.20120905
23028307	10.1371/journal.ppat.1002889
23063329	10.1016/j.immuni.2012.07.013
23091041	10.1073/pnas.1215928109
23155466	10.1371/journal.pone.0049213
23161907	10.1073/pnas.1207896109
23267020	10.4049/jimmunol.1202466
23281269	10.1002/dvg.22364
23404526	10.1002/eji.201242940
23521884	10.1016/j.immuni.2012.11.021
23569211	10.1074/jbc.M112.447185
23633956	10.1371/journal.ppat.1003329
23637823	10.1371/journal.pone.0061384
23698002	10.1074/jbc.M113.464560
23805144	10.3389/fimmu.2013.00168
23878218	10.1073/pnas.1311861110
23933763	10.1038/bmt.2013.122
24068737	10.1126/scitranslmed.3006516
24069285	10.1371/journal.pone.0074231
24136005	10.1038/ncomms3623
24192765	10.1038/srep03097
24196962	10.1074/jbc.M113.522110
24211184	10.1016/j.immuni.2013.10.007
24512815	10.1016/j.jim.2014.01.013
24550723	10.1371/journal.pcbi.1003478
24567532	10.4049/jimmunol.1302290
24600035	10.4049/jimmunol.1302667
24683185	10.4049/jimmunol.1303118
24711416	10.1073/pnas.1319389111
24759101	10.1074/jbc.M114.563502
24777060	10.1038/nsmb.2817
24778446	10.4049/jimmunol.1303147
24812403	10.1126/science.1251102
24813203	10.4049/jimmunol.1303209
24846220	10.1002/eji.201444499
24854337	10.1371/journal.ppat.1004137
24855945	10.1016/j.cell.2014.03.047
24906112	10.1097/QAD.0000000000000362
24967892	10.1371/journal.ppat.1004220
24995984	10.1016/j.cell.2014.04.048
25015819	10.4049/jimmunol.1401268
25070853	10.4049/jimmunol.1400074
25115805	10.1371/journal.pone.0104627
25157096	10.2337/db14-0858
25165855	10.1371/journal.ppat.1004333
25243920	10.1002/eji.201444931
25267644	10.1073/pnas.1416864111
25302633	10.1111/cei.12465
25320304	10.1128/JVI.01765-14
25339770	10.1128/JVI.02003-14
25348595	10.1002/anie.201406295
25355921	10.4049/jimmunol.1401357
25415440	10.1172/JCI75876
25452463	10.1084/jem.20141764
25471691	10.1002/eji.201445114
25576336	10.1158/2326-6066.CIR-14-0001
25593185	10.1126/science.aaa2148
25609818	10.1128/JVI.03020-14
25681349	10.4049/jimmunol.1403031
25780041	10.4049/jimmunol.1402960
25784151	10.1002/anie.201500301
25801351	10.1038/icb.2015.17
25837513	10.1126/science.aaa3828
25911754	10.4049/jimmunol.1400854
25925682	10.1126/scitranslmed.aaa2546
25943533	10.1158/2326-6066.CIR-14-0222
25948817	10.4049/jimmunol.1500161
26291626	10.1371/journal.pone.0136086
26344747	10.3390/vaccines2030581
26429912	10.1074/jbc.M115.691311
26429982	10.1158/1078-0432.CCR-14-3341
26437244	10.1038/ni.3271
26509579	10.1371/journal.pone.0141561
26516200	10.1126/science.aad1253
26523866	10.1038/ni.3310
26557806	10.4110/in.2015.15.5.222
26688548	10.1016/j.jmb.2015.12.002
26701267	10.1158/2326-6066.CIR-15-0188
26758806	10.1038/srep18851
26800118	10.1111/cei.12770
26808500	10.1172/JCI83465
26838051	10.1038/mi.2015.147
26860370	10.1038/icb.2016.16
26901407	10.1038/nm.4051
26917722	10.1074/jbc.M115.707414
26983786	10.4049/jimmunol.1502411
27036003	10.1073/pnas.1603106113
27111229	10.1172/JCI83792
27181332	10.1038/cmi.2016.7
27183386	10.1172/JCI88165
27183389	10.1172/JCI85679
27192577	10.1016/j.immuni.2016.04.018
27198675	10.1126/science.aaf2288
27238970	10.1016/j.str.2016.04.011
27239036	10.1016/j.celrep.2016.05.017
27252176	10.1126/scitranslmed.aaf1278
27312342	10.1158/2326-6066.CIR-15-0215
27332899	10.1371/journal.ppat.1005698
27421704	10.1016/j.immuni.2016.06.013
27471234	10.1182/blood-2015-11-682468
27507557	10.1038/icb.2016.71
27568928	10.1016/j.str.2016.07.010
27604323	10.1038/srep32899
27645996	10.1074/jbc.M116.753988
27699233	10.1172/jci.insight.86558
27717799	10.1016/j.immuni.2016.09.007
27760342	10.1016/j.immuni.2016.09.015
27827318	10.1158/1078-0432.CCR-16-2680
27853786	10.1039/c6ib00168h
27903649	10.1074/jbc.M116.741603
27920090	10.2337/db16-1025
27959684	10.1056/NEJMoa1609279
28093446	10.1158/2326-6066.CIR-16-0210
28103239	10.1371/journal.pcbi.1005313
28146579	10.1371/journal.ppat.1006191
28250417	10.1038/nsmb.3383
28300170	10.1038/srep44661
28332333	10.1111/ajt.14279
28369038	10.1038/ng.3822
28423320	10.1016/j.celrep.2017.03.072
28467828	10.1038/nature22329
28508865	10.1038/ncomms15260
28572406	10.1073/pnas.1700459114
28615212	10.1128/JVI.00725-17
28623251	10.1038/s41598-017-03855-x
28629751	10.1016/j.jaci.2017.05.037
28636589	10.1038/nature22976
28636592	10.1038/nature22383
28724766	10.1128/JVI.00974-17
28874533	10.1073/pnas.1710415114
28931605	10.1074/jbc.M117.810382
28934479	10.1093/nar/gkx615
28945243	10.1038/ni.3850
28972140	10.1074/jbc.M117.807719
28975614	10.1002/eji.201747082
28993513	10.4049/jimmunol.1700953
29123959	10.1080/2162402X.2017.1346764
29150238	10.1016/j.immuni.2017.10.013
29174843	10.1016/j.ymthe.2017.10.018
29209312	10.3389/fimmu.2017.01503
29255035	10.1073/pnas.1716527115
29275860	10.1016/j.cell.2017.11.043
29360643	10.1172/JCI98689
29429978	10.1126/sciimmunol.aao4013
29483360	10.4049/jimmunol.1700242
29483513	10.1038/s41467-018-03243-7
29531227	10.1038/s41467-018-03321-w
29541393	10.18632/oncotarget.24232
29568993	10.1007/s00262-018-2152-x
29669936	10.1172/jci.insight.99488
29712852	10.1073/pnas.1715590115
29720506	10.1158/1078-0432.CCR-18-0142
29720507	10.1161/CIRCULATIONAHA.118.034664
29720508	10.1183/16000617.0134-2017
29752423	10.15252/embj.201798518
29782535	10.1371/journal.ppat.1007060
29867227	10.1038/s41591-018-0040-8
29884618	10.1126/sciimmunol.aat0687
29895573	10.1158/2326-6066.CIR-18-0129
29951051	10.3389/fimmu.2018.01251
29967140	10.1073/pnas.1719451115
29997621	10.3389/fimmu.2018.01453
30008257	10.2217/imt-2017-0139
30021852	10.1073/pnas.1802746115
30053426	10.1016/j.cell.2018.06.017
30214446	10.3389/fimmu.2018.01962
30224695	10.1038/s41589-018-0130-4
30232458	10.1038/s41586-018-0540-1
30275329	10.1073/pnas.1809208115
30291143	10.1074/jbc.RA118.005695
30418433	10.1038/nbt.4282
30451992	10.1038/nbt.4303
30455354	10.1074/jbc.RA118.005736
30459272	10.1073/pnas.1809642115
30479346	10.1038/s41467-018-07209-7
30487790	10.3389/fimmu.2018.02539
30530988	10.1172/JCI120391
30541895	10.1073/pnas.1818150116
30568307	10.1038/s41591-018-0333-y
30575715	10.1038/s41467-018-07815-5
30587531	10.4049/jimmunol.1801401
30617019	10.1016/j.ymthe.2018.12.010
30619245	10.3389/fimmu.2018.02811
30626427	10.1186/s40425-018-0467-y
30640174	10.1172/JCI97482
30709841	10.1158/2326-6066.CIR-18-0686
30714987	10.1172/JCI123791
30737354	10.1126/sciimmunol.aau6905
30744692	10.1186/s40425-018-0492-x
30813491	10.3390/cancers11020266
30880120	10.1016/j.imlet.2019.02.004
30952805	10.1126/sciimmunol.aav7517
31015344	10.1158/1078-0432.CCR-18-1356
31036766	10.4049/jimmunol.1801022
31043415	10.1158/2326-6066.CIR-18-0402
31091334	10.1002/eji.201948085
31102700	10.1016/j.jaci.2019.05.009
31209405	10.1038/s41590-019-0414-1
31223481	10.1186/s40364-019-0163-1
31243155	10.1126/scitranslmed.aat8549
31324691	10.1126/sciimmunol.aav0860
31471352	10.1126/sciimmunol.aaw6329
31502632	10.1039/c9lc00538b
31609250	10.1172/JCI127967
31655052	10.1016/j.jim.2019.112679
31685621	10.1073/pnas.1906026116
31686124	10.1007/s00262-019-02419-4
31765434	10.1371/journal.ppat.1008122
31781096	10.3389/fimmu.2019.02568
31811120	10.1038/s41467-019-13346-4
31818981	10.4049/jimmunol.1900455
31873306	10.1038/s41594-019-0353-4
31915375	10.1038/s41586-019-1895-7
31956412	10.1002/cti2.1096
31974305	10.1073/pnas.1914308117
32081129	10.7554/eLife.53704
32102902	10.4049/jimmunol.1900915
32140156	10.3389/fimmu.2020.00248
32179557	10.1158/2326-6066.CIR-19-0647
32184241	10.1128/mBio.00250-20
32184297	10.1158/2326-6066.CIR-19-0745
32229538	10.4049/jimmunol.1901079
32310221	10.1172/JCI130562
32314731	10.7554/eLife.53244
32318072	10.3389/fimmu.2020.00591
32341563	10.1038/s41587-020-0505-4
32393905	10.1038/s41587-020-0438-y
32425926	10.3389/fimmu.2020.00623
32461371	10.1073/pnas.1921964117
32470143	10.1002/eji.201948433
32500232	10.1007/s00262-020-02619-3
32518267	10.1038/s41467-020-16755-y
32532817	10.1074/jbc.RA120.014016
32641478	10.1128/JVI.00795-20
32660279	10.1080/08820139.2020.1778721
32668259	10.1016/j.celrep.2020.107885
32716298	10.7554/eLife.58128
32786043	10.1111/1348-0421.12836
32807968	10.1038/s41589-020-0610-1
32808978	10.1093/infdis/jiaa512
32817371	10.4049/jimmunol.2000249
32868409	10.4049/jimmunol.2000689
32913893	10.1016/j.omto.2020.07.008
33074657	10.1021/acs.biochem.0c00689
33091337	10.1016/j.cell.2020.09.054
33101265	10.3389/fimmu.2020.01587
33125463	10.1182/bloodadvances.2020002255
33303615	10.1126/science.abb9847
33326767	10.1016/j.immuni.2020.11.004
33468649	10.1073/pnas.2018125118
33483338	10.1126/sciimmunol.abf4001
33537173	10.1080/2162402X.2020.1868130
33616082	10.1172/jci.insight.144869
33630763	10.1172/JCI144864
33637530	10.1126/sciadv.abe3348
33649568	10.1038/s41587-021-00836-4
33664060	10.1126/sciimmunol.abg6461
33766848	10.1126/sciimmunol.abg1703
33811047	10.1158/2159-8290.CD-20-0555
33830946	10.1172/JCI146922
33837283	10.1038/s41598-021-87481-8
33841327	10.3389/fendo.2021.622647
33927715	10.3389/fimmu.2021.639672
33945786	10.1016/j.immuni.2021.04.006
33951417	10.1016/j.immuni.2021.04.009
33972535	10.1038/s41467-021-22811-y
33990328	10.1126/sciadv.abf5835
34004140	10.1016/j.immuni.2021.04.023
34006597	10.1126/science.abg8985
34046897	10.1111/bjh.17495
34061349	10.1111/cei.13627
34074778	10.1073/pnas.2100588118
34083463	10.1126/science.abe9124
34086357	10.1111/imcb.12482
34168045	10.1158/1078-0432.CCR-21-0849
34210785	10.1126/sciimmunol.abg5669
34222571	10.1016/j.gendis.2021.05.006
34270940	10.1016/j.immuni.2021.06.013
34272369	10.1038/s41467-021-24562-2
34290408	10.1038/s41586-021-03752-4
34321228	10.4049/jimmunol.2000756
34330762	10.1136/jitc-2021-002410
34341170	10.4049/jimmunol.2001386
34384783	10.1016/j.jbc.2021.101065
34424997	10.1002/eji.202149290
34433824	10.1038/s41467-021-25404-x
34467251	10.1016/j.xcrm.2021.100374
34471285	10.1038/s41586-021-03862-z
34518289	10.1136/jitc-2021-002754
34583647	10.1186/s12865-021-00455-3
34611019	10.1073/pnas.2107208118
34647971	10.1084/jem.20211327
34651586	10.1172/JCI129466
34659195	10.3389/fimmu.2021.645299
34685626	10.3390/cells10102646
34782741	10.1038/s41587-021-01072-6
34793243	10.1126/sciimmunol.abk3070
34811538	10.1038/s41590-021-01073-2
34853448	10.1038/s41590-021-01084-z
34880106	10.4049/jimmunol.2001145
34919442	10.1126/sciimmunol.abj4026
34919800	10.1016/j.celrep.2021.110167
34968416	10.1016/j.celrep.2021.110214
35013235	10.1038/s41467-021-27669-8
35026152	10.1016/j.cell.2021.12.026
35061630	10.1172/JCI156083
35105810	10.1073/pnas.2117031119
35108401	10.1002/eji.202149745
35119226	10.1002/advs.202104766
35124005	10.1016/j.jbc.2022.101684
35162953	10.3390/ijms23031029
35173258	10.1038/s42003-022-03058-9
35173732	10.3389/fimmu.2022.822210
35314848	10.1038/s41590-022-01175-5
35379810	10.1038/s41421-022-00386-2
35383307	10.1038/s41590-022-01184-4
35401538	10.3389/fimmu.2022.851868
35452490	10.1371/journal.ppat.1010206
35484264	10.1038/s41591-022-01786-3
35486722	10.1126/sciadv.abl5394
35525797	10.1016/j.jcyt.2022.03.005
35587797	10.7554/eLife.75670
35589842	10.1038/s41586-022-04735-9
35667687	10.26508/lsa.202201503
35675811	10.1016/j.celrep.2022.110952
35687696	10.1126/sciimmunol.abm9644
35750048	10.1016/j.immuni.2022.06.003
35851311	10.1136/jitc-2022-004600
35878026	10.1073/pnas.2203410119
35914171	10.1073/pnas.2205797119
35931021	10.1016/j.cell.2022.07.002
35950597	10.1111/cas.15528
35967292	10.3389/fimmu.2022.924311
35967379	10.3389/fimmu.2022.847092
35985289	10.1016/j.cell.2022.07.010
35990517	10.1038/s44161-022-00063-3
35999236	10.1038/s41467-022-32692-4
36032090	10.3389/fimmu.2022.926650
36044599	10.1126/scitranslmed.abo6135
36081501	10.3389/fimmu.2022.993025
36088370	10.1038/s41467-022-32811-1
36121440	10.1182/bloodadvances.2022007270
36122410	10.1158/2326-6066.CIR-22-0434
36130828	10.4049/jimmunol.2200191
36130929	10.1038/s41467-022-33068-4
36134660	10.1172/jci.insight.158308
36174557	10.1016/j.immuni.2022.09.004
36180070	10.1136/jitc-2022-004790
36189878	10.1002/eji.202249975
36201943	10.1016/j.intimp.2022.109283
36275878	10.1002/cti2.1422
36298482	10.3390/vaccines10101617
36302754	10.1038/s41467-022-33746-3
36408799	10.7554/eLife.82050
36424374	10.1038/s41467-022-34896-0
36466875	10.3389/fimmu.2022.1021067
36477533	10.1038/s41586-022-05501-7
36494499	10.1038/s42003-022-04250-7
36512410	10.1172/jci.insight.165570
36516854	10.1016/j.cell.2022.11.016
36526616	10.1038/s41467-022-34655-1
36603035	10.4049/jimmunol.2200723
36603583	10.1016/j.cels.2022.12.002
36604540	10.1038/s41591-022-02110-9
36711524	10.1101/2023.01.17.524440
36806685	10.1016/j.jbc.2023.103035
36831375	10.3390/cancers15041031
36923729	10.3389/fimmu.2022.1011935
36979775	10.3390/biomedicines11030796
37023751	10.1016/j.immuni.2023.03.009
37030296	10.1016/j.xcrm.2023.101017
37076248	10.1136/jitc-2022-006334
37100059	10.1016/j.immuni.2023.03.020
37100770	10.1038/s41467-023-37532-7
37133356	10.7554/eLife.81810
37193826	10.1038/s42003-023-04899-8
37217466	10.1038/s41467-023-38573-8
37231180	10.1038/s41598-023-35710-7
37280206	10.1038/s41467-023-38946-z
37287989	10.3389/fimmu.2023.1161538
37317804	10.1111/bjh.18918
37325645	10.3389/fimmu.2023.1199064
37359417	10.1016/j.omtm.2023.05.014
37390223	10.1126/sciimmunol.abl8881
37418020	10.1093/intimm/dxad024
37468623	10.1038/s41586-023-06331-x
37490916	10.1016/j.cell.2023.06.020
37662363	10.1101/2023.08.22.554360
37749325	10.1038/s41590-023-01633-8
37783807	10.1038/s43018-023-00642-8
37828002	10.1038/s41467-023-42010-1
37828378	10.1038/s41590-023-01644-5
37837618	10.1016/j.celrep.2023.113250
37849763	10.3389/fimmu.2023.1245559
37872153	10.1038/s41467-023-42430-z
37974400	10.1016/j.ymthe.2023.11.017
38053994	10.3389/fimmu.2023.1293090
38057617	10.1038/s41590-023-01692-x
38100526	10.1371/journal.ppat.1011853
38239352	10.3389/fimmu.2023.1294565
38277625	10.1182/blood.2023023142
38321013	10.1038/s41467-024-45056-x
38370623	10.1101/2024.02.06.579223
38439958	10.1016/j.isci.2024.109233
38446892	10.1126/sciadv.adl1122
38452777	10.1016/S1473-3099(24)00134-8
38458195	10.1016/j.celrep.2024.113887
38508137	10.1016/j.xcrm.2024.101469
38521764	10.1038/s41467-024-46822-7
38524140	10.3389/fimmu.2024.1374581
38536748	10.1073/pnas.2320442121
38608022	10.1126/sciadv.adm8951
38659368	10.1002/jmv.29630
38684663	10.1038/s41467-024-47576-y
38684865	10.1038/s42003-024-06209-2
38691588	10.1073/pnas.2318003121
38737448	10.1002/cti2.1509
38816232	10.1136/jitc-2023-008645
38819988	10.1016/j.celrep.2024.114259
38832948	10.1007/s00262-024-03729-y
38855806	10.1111/imcb.12791
38866784	10.1038/s41392-024-01876-3
38898278	10.1038/s41586-024-07575-x
39002680	10.1016/j.jbc.2024.107563
39024572	10.1172/jci.insight.174776
39030753	10.1002/eji.202451079
39074636	10.1016/j.jbc.2024.107612
39083376	10.1016/j.celrep.2024.114555
39151427	10.1016/j.xgen.2024.100634
39164477	10.1038/s41590-024-01926-6
39259326	10.1007/s00277-024-05919-1
39286976	10.1172/JCI164535
39287991	10.1172/JCI175790
39292790	10.1126/sciadv.ado6491
39302694	10.1093/infdis/jiae457
39500929	10.1038/s41598-024-75140-7
39554513	10.1093/pnasnexus/pgae491
39576860	10.1126/sciadv.adq6150
39578466	10.1038/s41467-024-54378-9
39746936	10.1038/s41467-024-54675-3
39748060	10.1038/s44321-024-00184-1
39819441	10.1186/s12967-025-06094-1
39842638	10.1016/j.kint.2025.01.005
39846249	10.1172/jci.insight.181873
39875585	10.1038/s41590-024-02051-0
39902862	10.1080/2162402X.2025.2457793
39915487	10.1038/s41467-025-56659-3
39917357	10.1002/jha2.1072
39919196	10.1126/sciimmunol.adn3805
39982976	10.1126/sciimmunol.adp5016
40034846	10.1016/j.isci.2025.111949
40057520	10.1038/s41467-025-57562-7
40109335	10.3389/fimmu.2025.1550279
40154610	10.1016/j.jbc.2025.108445
40165973	10.3389/fimmu.2025.1509855
40199885	10.1038/s41467-025-58690-w
40203088	10.1126/sciadv.adq4297
40205806	10.20892/j.issn.2095-3941.2024.0434
40250246	10.1016/j.ebiom.2025.105697
40273911	10.1016/j.cell.2025.03.047
40316304	10.1136/jitc-2024-011351
40359936	10.1016/j.crmeth.2025.101049
40443655	10.3389/fimmu.2025.1574955
40461160	10.1136/jitc-2025-011802
40470869	10.1002/advs.202500181
40498839	10.1126/sciadv.ads5589
40577481	10.1126/sciadv.adu5754
40640147	10.1038/s41467-025-61627-y
40681176	10.1136/jitc-2025-011863
40687378	10.1016/j.omtm.2025.101517
40694338	10.1073/pnas.2501167122
40713946	10.1016/j.cels.2025.101345
40744664	10.1136/jitc-2025-012029
40847198	10.1038/s41375-025-02727-y
40877317	10.1038/s41467-025-63288-3
40892914	10.1073/pnas.2503145122
41034205	10.1038/s41467-025-63711-9
41042909	10.1126/sciimmunol.adu6730
41056506	10.1158/2159-8290.CD-24-1213
41098775	10.1016/j.isci.2025.113600
41279151	10.1101/2025.11.05.686789
41286513	10.1038/s41591-025-03995-y
41294842	10.3390/cells14221789
41315082	10.1038/s41590-025-02343-z
41372155	10.1038/s41467-025-66322-6
41376632	10.3389/fimmu.2025.1631558
41407706	10.1038/s41467-025-67336-w
41424382	10.1172/jci.insight.188496
41481462	10.1073/pnas.2505932123
41500040	10.1016/j.cellimm.2025.105059
41610844	10.1016/j.immuni.2026.01.001
41644530	10.1038/s41467-026-68680-1
41644766	10.1038/s41590-025-02412-3
41709576	10.1016/j.ymthe.2026.02.028
41842944	10.1172/jci.insight.202235
42101565	10.1007/s11427-025-3232-5
42120368	10.1038/s41467-026-72396-7
42125653	10.3389/fimmu.2026.1758642
42129507	10.1038/s41587-026-03128-x
42182119	10.64898/2026.05.06.722823
42190640	10.1016/j.ebiom.2026.106310
42190883	10.1016/j.jsb.2026.108329
42216538	10.31083/FBL51459
42234741	10.1126/sciadv.aeb2491
42236711	10.1038/s41467-026-73491-5
42305594	10.1016/j.isci.2026.116175
42624530	10.1136/jitc-2026-015350
42691161	10.1126/science.adx3863
42709546	10.1016/j.celrep.2026.117908
42759506	10.1016/j.xcrm.2026.103057
42779686	10.64898/2026.09.07.749948
7807026	10.1084/jem.181.1.79
7964506	10.1084/jem.180.6.2335
8605917	10.1002/eji.1830260305
8647184	10.1002/eji.1830260532
8752841	10.1111/1523-1747.ep12298177
8906788	10.1038/384134a0
8955188	
9207000	10.1084/jem.186.1.83
9285407	10.1016/s1074-7613(00)80525-7
9469799	10.1126/science.279.5354.1166
9560256	10.1073/pnas.95.9.5217
9586631	10.1016/s1074-7613(00)80546-4
9705959	10.1084/jem.188.4.773
9820521	
9862375	10.1002/(SICI)1521-4141(199812)28:12<4382::AID-IMMU4382>3.0.CO;2-Z
9971792	10.1128/JVI.73.3.2099-2108.1999
