gene	method	stat	value	frac
TRA	tcremp	retention	0.0	0.00847
TRA	tcremp	retention	0.0	0.01695
TRA	tcremp	retention	0.0	0.02542
TRA	tcremp	retention	0.0	0.0339
TRA	tcremp	retention	0.0	0.04237
TRA	tcremp	retention	0.0	0.05085
TRA	tcremp	retention	0.0	0.05932
TRA	tcremp	retention	0.0	0.0678
TRA	tcremp	retention	0.0	0.07627
TRA	tcremp	retention	0.0	0.08475
TRA	tcremp	retention	0.0	0.09322
TRA	tcremp	retention	0.0	0.10169
TRA	tcremp	retention	0.0	0.11017
TRA	tcremp	retention	0.0	0.11864
TRA	tcremp	retention	0.004	0.12712
TRA	tcremp	retention	0.0063	0.13559
TRA	tcremp	retention	0.0077	0.14407
TRA	tcremp	retention	0.0097	0.15254
TRA	tcremp	retention	0.0161	0.16102
TRA	tcremp	retention	0.0192	0.16949
TRA	tcremp	retention	0.0213	0.17797
TRA	tcremp	retention	0.0217	0.18644
TRA	tcremp	retention	0.024	0.19492
TRA	tcremp	retention	0.027	0.20339
TRA	tcremp	retention	0.027	0.21186
TRA	tcremp	retention	0.0317	0.22034
TRA	tcremp	retention	0.0333	0.22881
TRA	tcremp	retention	0.0333	0.23729
TRA	tcremp	retention	0.0357	0.24576
TRA	tcremp	retention	0.0357	0.25424
TRA	tcremp	retention	0.037	0.26271
TRA	tcremp	retention	0.037	0.27119
TRA	tcremp	retention	0.04	0.27966
TRA	tcremp	retention	0.0404	0.28814
TRA	tcremp	retention	0.0404	0.29661
TRA	tcremp	retention	0.0408	0.30508
TRA	tcremp	retention	0.0423	0.31356
TRA	tcremp	retention	0.0435	0.32203
TRA	tcremp	retention	0.0455	0.33051
TRA	tcremp	retention	0.0467	0.33898
TRA	tcremp	retention	0.05	0.34746
TRA	tcremp	retention	0.0508	0.35593
TRA	tcremp	retention	0.0517	0.36441
TRA	tcremp	retention	0.0526	0.37288
TRA	tcremp	retention	0.0545	0.38136
TRA	tcremp	retention	0.0548	0.38983
TRA	tcremp	retention	0.0578	0.39831
TRA	tcremp	retention	0.0588	0.40678
TRA	tcremp	retention	0.0588	0.41525
TRA	tcremp	retention	0.0588	0.42373
TRA	tcremp	retention	0.0594	0.4322
TRA	tcremp	retention	0.0606	0.44068
TRA	tcremp	retention	0.0612	0.44915
TRA	tcremp	retention	0.0625	0.45763
TRA	tcremp	retention	0.0677	0.4661
TRA	tcremp	retention	0.0698	0.47458
TRA	tcremp	retention	0.0714	0.48305
TRA	tcremp	retention	0.0714	0.49153
TRA	tcremp	retention	0.0825	0.5
TRA	tcremp	retention	0.0876	0.50847
TRA	tcremp	retention	0.093	0.51695
TRA	tcremp	retention	0.1	0.52542
TRA	tcremp	retention	0.1064	0.5339
TRA	tcremp	retention	0.1111	0.54237
TRA	tcremp	retention	0.1143	0.55085
TRA	tcremp	retention	0.119	0.55932
TRA	tcremp	retention	0.1198	0.5678
TRA	tcremp	retention	0.125	0.57627
TRA	tcremp	retention	0.125	0.58475
TRA	tcremp	retention	0.125	0.59322
TRA	tcremp	retention	0.1282	0.60169
TRA	tcremp	retention	0.1282	0.61017
TRA	tcremp	retention	0.1356	0.61864
TRA	tcremp	retention	0.1364	0.62712
TRA	tcremp	retention	0.1536	0.63559
TRA	tcremp	retention	0.16	0.64407
TRA	tcremp	retention	0.1603	0.65254
TRA	tcremp	retention	0.1691	0.66102
TRA	tcremp	retention	0.1711	0.66949
TRA	tcremp	retention	0.1748	0.67797
TRA	tcremp	retention	0.1923	0.68644
TRA	tcremp	retention	0.1961	0.69492
TRA	tcremp	retention	0.1972	0.70339
TRA	tcremp	retention	0.1996	0.71186
TRA	tcremp	retention	0.2	0.72034
TRA	tcremp	retention	0.2011	0.72881
TRA	tcremp	retention	0.2059	0.73729
TRA	tcremp	retention	0.2105	0.74576
TRA	tcremp	retention	0.2115	0.75424
TRA	tcremp	retention	0.2237	0.76271
TRA	tcremp	retention	0.25	0.77119
TRA	tcremp	retention	0.2551	0.77966
TRA	tcremp	retention	0.2582	0.78814
TRA	tcremp	retention	0.2721	0.79661
TRA	tcremp	retention	0.2723	0.80508
TRA	tcremp	retention	0.2806	0.81356
TRA	tcremp	retention	0.2857	0.82203
TRA	tcremp	retention	0.3015	0.83051
TRA	tcremp	retention	0.3036	0.83898
TRA	tcremp	retention	0.3043	0.84746
TRA	tcremp	retention	0.3136	0.85593
TRA	tcremp	retention	0.3397	0.86441
TRA	tcremp	retention	0.3553	0.87288
TRA	tcremp	retention	0.36	0.88136
TRA	tcremp	retention	0.368	0.88983
TRA	tcremp	retention	0.3752	0.89831
TRA	tcremp	retention	0.3878	0.90678
TRA	tcremp	retention	0.3939	0.91525
TRA	tcremp	retention	0.4004	0.92373
TRA	tcremp	retention	0.4737	0.9322
TRA	tcremp	retention	0.4762	0.94068
TRA	tcremp	retention	0.4967	0.94915
TRA	tcremp	retention	0.5333	0.95763
TRA	tcremp	retention	0.5575	0.9661
TRA	tcremp	retention	0.565	0.97458
TRA	tcremp	retention	0.5758	0.98305
TRA	tcremp	retention	0.5789	0.99153
TRA	tcremp	retention	0.5973	1.0
TRA	tcrnet	retention	0.0	0.00847
TRA	tcrnet	retention	0.0	0.01695
TRA	tcrnet	retention	0.0	0.02542
TRA	tcrnet	retention	0.0	0.0339
TRA	tcrnet	retention	0.0	0.04237
TRA	tcrnet	retention	0.0	0.05085
TRA	tcrnet	retention	0.0	0.05932
TRA	tcrnet	retention	0.0	0.0678
TRA	tcrnet	retention	0.0	0.07627
TRA	tcrnet	retention	0.0	0.08475
TRA	tcrnet	retention	0.0	0.09322
TRA	tcrnet	retention	0.0	0.10169
TRA	tcrnet	retention	0.0	0.11017
TRA	tcrnet	retention	0.0	0.11864
TRA	tcrnet	retention	0.0	0.12712
TRA	tcrnet	retention	0.0077	0.13559
TRA	tcrnet	retention	0.0097	0.14407
TRA	tcrnet	retention	0.0135	0.15254
TRA	tcrnet	retention	0.0137	0.16102
TRA	tcrnet	retention	0.0182	0.16949
TRA	tcrnet	retention	0.0189	0.17797
TRA	tcrnet	retention	0.0196	0.18644
TRA	tcrnet	retention	0.02	0.19492
TRA	tcrnet	retention	0.0217	0.20339
TRA	tcrnet	retention	0.0238	0.21186
TRA	tcrnet	retention	0.0239	0.22034
TRA	tcrnet	retention	0.0241	0.22881
TRA	tcrnet	retention	0.0263	0.23729
TRA	tcrnet	retention	0.0288	0.24576
TRA	tcrnet	retention	0.0294	0.25424
TRA	tcrnet	retention	0.0312	0.26271
TRA	tcrnet	retention	0.0317	0.27119
TRA	tcrnet	retention	0.032	0.27966
TRA	tcrnet	retention	0.0323	0.28814
TRA	tcrnet	retention	0.0323	0.29661
TRA	tcrnet	retention	0.0333	0.30508
TRA	tcrnet	retention	0.0357	0.31356
TRA	tcrnet	retention	0.037	0.32203
TRA	tcrnet	retention	0.0371	0.33051
TRA	tcrnet	retention	0.0385	0.33898
TRA	tcrnet	retention	0.0392	0.34746
TRA	tcrnet	retention	0.0404	0.35593
TRA	tcrnet	retention	0.0406	0.36441
TRA	tcrnet	retention	0.0423	0.37288
TRA	tcrnet	retention	0.0467	0.38136
TRA	tcrnet	retention	0.0476	0.38983
TRA	tcrnet	retention	0.0495	0.39831
TRA	tcrnet	retention	0.0505	0.40678
TRA	tcrnet	retention	0.0517	0.41525
TRA	tcrnet	retention	0.0526	0.42373
TRA	tcrnet	retention	0.0541	0.4322
TRA	tcrnet	retention	0.0545	0.44068
TRA	tcrnet	retention	0.0588	0.44915
TRA	tcrnet	retention	0.0612	0.45763
TRA	tcrnet	retention	0.0636	0.4661
TRA	tcrnet	retention	0.0658	0.47458
TRA	tcrnet	retention	0.0667	0.48305
TRA	tcrnet	retention	0.0682	0.49153
TRA	tcrnet	retention	0.0698	0.5
TRA	tcrnet	retention	0.0714	0.50847
TRA	tcrnet	retention	0.075	0.51695
TRA	tcrnet	retention	0.0811	0.52542
TRA	tcrnet	retention	0.0816	0.5339
TRA	tcrnet	retention	0.0838	0.54237
TRA	tcrnet	retention	0.0847	0.55085
TRA	tcrnet	retention	0.0852	0.55932
TRA	tcrnet	retention	0.0857	0.5678
TRA	tcrnet	retention	0.0889	0.57627
TRA	tcrnet	retention	0.0928	0.58475
TRA	tcrnet	retention	0.1	0.59322
TRA	tcrnet	retention	0.1071	0.60169
TRA	tcrnet	retention	0.1163	0.61017
TRA	tcrnet	retention	0.1182	0.61864
TRA	tcrnet	retention	0.1206	0.62712
TRA	tcrnet	retention	0.1268	0.63559
TRA	tcrnet	retention	0.1277	0.64407
TRA	tcrnet	retention	0.1282	0.65254
TRA	tcrnet	retention	0.1329	0.66102
TRA	tcrnet	retention	0.1422	0.66949
TRA	tcrnet	retention	0.1447	0.67797
TRA	tcrnet	retention	0.15	0.68644
TRA	tcrnet	retention	0.15	0.69492
TRA	tcrnet	retention	0.15	0.70339
TRA	tcrnet	retention	0.15	0.71186
TRA	tcrnet	retention	0.1512	0.72034
TRA	tcrnet	retention	0.1538	0.72881
TRA	tcrnet	retention	0.1603	0.73729
TRA	tcrnet	retention	0.1619	0.74576
TRA	tcrnet	retention	0.1624	0.75424
TRA	tcrnet	retention	0.18	0.76271
TRA	tcrnet	retention	0.1923	0.77119
TRA	tcrnet	retention	0.2053	0.77966
TRA	tcrnet	retention	0.2059	0.78814
TRA	tcrnet	retention	0.2143	0.79661
TRA	tcrnet	retention	0.2146	0.80508
TRA	tcrnet	retention	0.2174	0.81356
TRA	tcrnet	retention	0.2298	0.82203
TRA	tcrnet	retention	0.2449	0.83051
TRA	tcrnet	retention	0.2449	0.83898
TRA	tcrnet	retention	0.2603	0.84746
TRA	tcrnet	retention	0.2684	0.85593
TRA	tcrnet	retention	0.2826	0.86441
TRA	tcrnet	retention	0.2895	0.87288
TRA	tcrnet	retention	0.3071	0.88136
TRA	tcrnet	retention	0.3092	0.88983
TRA	tcrnet	retention	0.3158	0.89831
TRA	tcrnet	retention	0.3385	0.90678
TRA	tcrnet	retention	0.3559	0.91525
TRA	tcrnet	retention	0.36	0.92373
TRA	tcrnet	retention	0.3636	0.9322
TRA	tcrnet	retention	0.372	0.94068
TRA	tcrnet	retention	0.4286	0.94915
TRA	tcrnet	retention	0.4667	0.95763
TRA	tcrnet	retention	0.4692	0.9661
TRA	tcrnet	retention	0.4848	0.97458
TRA	tcrnet	retention	0.5172	0.98305
TRA	tcrnet	retention	0.5263	0.99153
TRA	tcrnet	retention	0.5698	1.0
TRB	tcremp	retention	0.0	0.00562
TRB	tcremp	retention	0.0	0.01124
TRB	tcremp	retention	0.0	0.01685
TRB	tcremp	retention	0.0	0.02247
TRB	tcremp	retention	0.0	0.02809
TRB	tcremp	retention	0.0	0.03371
TRB	tcremp	retention	0.0	0.03933
TRB	tcremp	retention	0.0	0.04494
TRB	tcremp	retention	0.0	0.05056
TRB	tcremp	retention	0.0	0.05618
TRB	tcremp	retention	0.0	0.0618
TRB	tcremp	retention	0.0	0.06742
TRB	tcremp	retention	0.0	0.07303
TRB	tcremp	retention	0.0	0.07865
TRB	tcremp	retention	0.0	0.08427
TRB	tcremp	retention	0.0	0.08989
TRB	tcremp	retention	0.0	0.09551
TRB	tcremp	retention	0.0	0.10112
TRB	tcremp	retention	0.0	0.10674
TRB	tcremp	retention	0.0	0.11236
TRB	tcremp	retention	0.0	0.11798
TRB	tcremp	retention	0.0	0.1236
TRB	tcremp	retention	0.0	0.12921
TRB	tcremp	retention	0.0	0.13483
TRB	tcremp	retention	0.0	0.14045
TRB	tcremp	retention	0.0	0.14607
TRB	tcremp	retention	0.0	0.15169
TRB	tcremp	retention	0.0	0.1573
TRB	tcremp	retention	0.0	0.16292
TRB	tcremp	retention	0.0	0.16854
TRB	tcremp	retention	0.0	0.17416
TRB	tcremp	retention	0.0	0.17978
TRB	tcremp	retention	0.0	0.18539
TRB	tcremp	retention	0.0	0.19101
TRB	tcremp	retention	0.0	0.19663
TRB	tcremp	retention	0.0	0.20225
TRB	tcremp	retention	0.0	0.20787
TRB	tcremp	retention	0.0	0.21348
TRB	tcremp	retention	0.0	0.2191
TRB	tcremp	retention	0.0	0.22472
TRB	tcremp	retention	0.0	0.23034
TRB	tcremp	retention	0.0	0.23596
TRB	tcremp	retention	0.0	0.24157
TRB	tcremp	retention	0.0	0.24719
TRB	tcremp	retention	0.0	0.25281
TRB	tcremp	retention	0.0	0.25843
TRB	tcremp	retention	0.0	0.26404
TRB	tcremp	retention	0.0	0.26966
TRB	tcremp	retention	0.0	0.27528
TRB	tcremp	retention	0.0	0.2809
TRB	tcremp	retention	0.0	0.28652
TRB	tcremp	retention	0.0	0.29213
TRB	tcremp	retention	0.0	0.29775
TRB	tcremp	retention	0.0	0.30337
TRB	tcremp	retention	0.0	0.30899
TRB	tcremp	retention	0.0	0.31461
TRB	tcremp	retention	0.0	0.32022
TRB	tcremp	retention	0.0	0.32584
TRB	tcremp	retention	0.0	0.33146
TRB	tcremp	retention	0.0	0.33708
TRB	tcremp	retention	0.0	0.3427
TRB	tcremp	retention	0.0	0.34831
TRB	tcremp	retention	0.0	0.35393
TRB	tcremp	retention	0.0	0.35955
TRB	tcremp	retention	0.0	0.36517
TRB	tcremp	retention	0.0	0.37079
TRB	tcremp	retention	0.0	0.3764
TRB	tcremp	retention	0.0	0.38202
TRB	tcremp	retention	0.0	0.38764
TRB	tcremp	retention	0.0	0.39326
TRB	tcremp	retention	0.0	0.39888
TRB	tcremp	retention	0.0	0.40449
TRB	tcremp	retention	0.0	0.41011
TRB	tcremp	retention	0.0011	0.41573
TRB	tcremp	retention	0.0032	0.42135
TRB	tcremp	retention	0.0043	0.42697
TRB	tcremp	retention	0.0047	0.43258
TRB	tcremp	retention	0.0051	0.4382
TRB	tcremp	retention	0.0062	0.44382
TRB	tcremp	retention	0.0062	0.44944
TRB	tcremp	retention	0.0067	0.45506
TRB	tcremp	retention	0.0068	0.46067
TRB	tcremp	retention	0.0079	0.46629
TRB	tcremp	retention	0.0087	0.47191
TRB	tcremp	retention	0.0094	0.47753
TRB	tcremp	retention	0.0105	0.48315
TRB	tcremp	retention	0.0105	0.48876
TRB	tcremp	retention	0.0109	0.49438
TRB	tcremp	retention	0.0122	0.5
TRB	tcremp	retention	0.0133	0.50562
TRB	tcremp	retention	0.0154	0.51124
TRB	tcremp	retention	0.0169	0.51685
TRB	tcremp	retention	0.0179	0.52247
TRB	tcremp	retention	0.0196	0.52809
TRB	tcremp	retention	0.0202	0.53371
TRB	tcremp	retention	0.0208	0.53933
TRB	tcremp	retention	0.0217	0.54494
TRB	tcremp	retention	0.0222	0.55056
TRB	tcremp	retention	0.0232	0.55618
TRB	tcremp	retention	0.0233	0.5618
TRB	tcremp	retention	0.0256	0.56742
TRB	tcremp	retention	0.0292	0.57303
TRB	tcremp	retention	0.0294	0.57865
TRB	tcremp	retention	0.0311	0.58427
TRB	tcremp	retention	0.0312	0.58989
TRB	tcremp	retention	0.0321	0.59551
TRB	tcremp	retention	0.0323	0.60112
TRB	tcremp	retention	0.0329	0.60674
TRB	tcremp	retention	0.0349	0.61236
TRB	tcremp	retention	0.037	0.61798
TRB	tcremp	retention	0.0447	0.6236
TRB	tcremp	retention	0.0448	0.62921
TRB	tcremp	retention	0.0469	0.63483
TRB	tcremp	retention	0.0476	0.64045
TRB	tcremp	retention	0.0485	0.64607
TRB	tcremp	retention	0.0523	0.65169
TRB	tcremp	retention	0.0543	0.6573
TRB	tcremp	retention	0.0596	0.66292
TRB	tcremp	retention	0.0645	0.66854
TRB	tcremp	retention	0.0654	0.67416
TRB	tcremp	retention	0.0673	0.67978
TRB	tcremp	retention	0.0714	0.68539
TRB	tcremp	retention	0.0723	0.69101
TRB	tcremp	retention	0.0726	0.69663
TRB	tcremp	retention	0.0761	0.70225
TRB	tcremp	retention	0.0864	0.70787
TRB	tcremp	retention	0.087	0.71348
TRB	tcremp	retention	0.0885	0.7191
TRB	tcremp	retention	0.0886	0.72472
TRB	tcremp	retention	0.1	0.73034
TRB	tcremp	retention	0.1048	0.73596
TRB	tcremp	retention	0.1132	0.74157
TRB	tcremp	retention	0.1136	0.74719
TRB	tcremp	retention	0.1139	0.75281
TRB	tcremp	retention	0.1169	0.75843
TRB	tcremp	retention	0.1171	0.76404
TRB	tcremp	retention	0.1212	0.76966
TRB	tcremp	retention	0.1261	0.77528
TRB	tcremp	retention	0.127	0.7809
TRB	tcremp	retention	0.1404	0.78652
TRB	tcremp	retention	0.1408	0.79213
TRB	tcremp	retention	0.1412	0.79775
TRB	tcremp	retention	0.1413	0.80337
TRB	tcremp	retention	0.1429	0.80899
TRB	tcremp	retention	0.1463	0.81461
TRB	tcremp	retention	0.1613	0.82022
TRB	tcremp	retention	0.1656	0.82584
TRB	tcremp	retention	0.1667	0.83146
TRB	tcremp	retention	0.1689	0.83708
TRB	tcremp	retention	0.1761	0.8427
TRB	tcremp	retention	0.1882	0.84831
TRB	tcremp	retention	0.189	0.85393
TRB	tcremp	retention	0.1892	0.85955
TRB	tcremp	retention	0.1926	0.86517
TRB	tcremp	retention	0.1943	0.87079
TRB	tcremp	retention	0.1949	0.8764
TRB	tcremp	retention	0.2255	0.88202
TRB	tcremp	retention	0.25	0.88764
TRB	tcremp	retention	0.2513	0.89326
TRB	tcremp	retention	0.2569	0.89888
TRB	tcremp	retention	0.2647	0.90449
TRB	tcremp	retention	0.2707	0.91011
TRB	tcremp	retention	0.2963	0.91573
TRB	tcremp	retention	0.3034	0.92135
TRB	tcremp	retention	0.3099	0.92697
TRB	tcremp	retention	0.3173	0.93258
TRB	tcremp	retention	0.32	0.9382
TRB	tcremp	retention	0.351	0.94382
TRB	tcremp	retention	0.3571	0.94944
TRB	tcremp	retention	0.3647	0.95506
TRB	tcremp	retention	0.4211	0.96067
TRB	tcremp	retention	0.4534	0.96629
TRB	tcremp	retention	0.4987	0.97191
TRB	tcremp	retention	0.5116	0.97753
TRB	tcremp	retention	0.553	0.98315
TRB	tcremp	retention	0.5557	0.98876
TRB	tcremp	retention	0.6129	0.99438
TRB	tcremp	retention	0.9987	1.0
TRB	tcrnet	retention	0.0	0.00562
TRB	tcrnet	retention	0.0	0.01124
TRB	tcrnet	retention	0.0	0.01685
TRB	tcrnet	retention	0.0	0.02247
TRB	tcrnet	retention	0.0	0.02809
TRB	tcrnet	retention	0.0	0.03371
TRB	tcrnet	retention	0.0	0.03933
TRB	tcrnet	retention	0.0	0.04494
TRB	tcrnet	retention	0.0	0.05056
TRB	tcrnet	retention	0.0	0.05618
TRB	tcrnet	retention	0.0	0.0618
TRB	tcrnet	retention	0.0	0.06742
TRB	tcrnet	retention	0.0	0.07303
TRB	tcrnet	retention	0.0	0.07865
TRB	tcrnet	retention	0.0	0.08427
TRB	tcrnet	retention	0.0	0.08989
TRB	tcrnet	retention	0.0	0.09551
TRB	tcrnet	retention	0.0	0.10112
TRB	tcrnet	retention	0.0	0.10674
TRB	tcrnet	retention	0.0	0.11236
TRB	tcrnet	retention	0.0	0.11798
TRB	tcrnet	retention	0.0	0.1236
TRB	tcrnet	retention	0.0	0.12921
TRB	tcrnet	retention	0.0	0.13483
TRB	tcrnet	retention	0.0	0.14045
TRB	tcrnet	retention	0.0	0.14607
TRB	tcrnet	retention	0.0	0.15169
TRB	tcrnet	retention	0.0	0.1573
TRB	tcrnet	retention	0.0	0.16292
TRB	tcrnet	retention	0.0	0.16854
TRB	tcrnet	retention	0.0	0.17416
TRB	tcrnet	retention	0.0	0.17978
TRB	tcrnet	retention	0.0	0.18539
TRB	tcrnet	retention	0.0	0.19101
TRB	tcrnet	retention	0.0	0.19663
TRB	tcrnet	retention	0.0	0.20225
TRB	tcrnet	retention	0.0	0.20787
TRB	tcrnet	retention	0.0	0.21348
TRB	tcrnet	retention	0.0	0.2191
TRB	tcrnet	retention	0.0	0.22472
TRB	tcrnet	retention	0.0	0.23034
TRB	tcrnet	retention	0.0	0.23596
TRB	tcrnet	retention	0.0	0.24157
TRB	tcrnet	retention	0.0	0.24719
TRB	tcrnet	retention	0.0	0.25281
TRB	tcrnet	retention	0.0	0.25843
TRB	tcrnet	retention	0.0	0.26404
TRB	tcrnet	retention	0.0	0.26966
TRB	tcrnet	retention	0.0	0.27528
TRB	tcrnet	retention	0.0	0.2809
TRB	tcrnet	retention	0.0	0.28652
TRB	tcrnet	retention	0.0	0.29213
TRB	tcrnet	retention	0.0	0.29775
TRB	tcrnet	retention	0.0	0.30337
TRB	tcrnet	retention	0.0	0.30899
TRB	tcrnet	retention	0.0	0.31461
TRB	tcrnet	retention	0.0	0.32022
TRB	tcrnet	retention	0.0	0.32584
TRB	tcrnet	retention	0.0	0.33146
TRB	tcrnet	retention	0.0	0.33708
TRB	tcrnet	retention	0.0	0.3427
TRB	tcrnet	retention	0.0	0.34831
TRB	tcrnet	retention	0.0	0.35393
TRB	tcrnet	retention	0.0	0.35955
TRB	tcrnet	retention	0.0	0.36517
TRB	tcrnet	retention	0.0	0.37079
TRB	tcrnet	retention	0.0	0.3764
TRB	tcrnet	retention	0.0	0.38202
TRB	tcrnet	retention	0.0	0.38764
TRB	tcrnet	retention	0.0016	0.39326
TRB	tcrnet	retention	0.0022	0.39888
TRB	tcrnet	retention	0.0027	0.40449
TRB	tcrnet	retention	0.0043	0.41011
TRB	tcrnet	retention	0.0043	0.41573
TRB	tcrnet	retention	0.0047	0.42135
TRB	tcrnet	retention	0.0062	0.42697
TRB	tcrnet	retention	0.0068	0.43258
TRB	tcrnet	retention	0.0077	0.4382
TRB	tcrnet	retention	0.0083	0.44382
TRB	tcrnet	retention	0.0087	0.44944
TRB	tcrnet	retention	0.0088	0.45506
TRB	tcrnet	retention	0.009	0.46067
TRB	tcrnet	retention	0.0094	0.46629
TRB	tcrnet	retention	0.0096	0.47191
TRB	tcrnet	retention	0.0101	0.47753
TRB	tcrnet	retention	0.0105	0.48315
TRB	tcrnet	retention	0.0111	0.48876
TRB	tcrnet	retention	0.0123	0.49438
TRB	tcrnet	retention	0.0131	0.5
TRB	tcrnet	retention	0.0154	0.50562
TRB	tcrnet	retention	0.0164	0.51124
TRB	tcrnet	retention	0.0169	0.51685
TRB	tcrnet	retention	0.0179	0.52247
TRB	tcrnet	retention	0.0182	0.52809
TRB	tcrnet	retention	0.02	0.53371
TRB	tcrnet	retention	0.0238	0.53933
TRB	tcrnet	retention	0.0253	0.54494
TRB	tcrnet	retention	0.0258	0.55056
TRB	tcrnet	retention	0.0267	0.55618
TRB	tcrnet	retention	0.0273	0.5618
TRB	tcrnet	retention	0.0294	0.56742
TRB	tcrnet	retention	0.0294	0.57303
TRB	tcrnet	retention	0.0303	0.57865
TRB	tcrnet	retention	0.0303	0.58427
TRB	tcrnet	retention	0.0312	0.58989
TRB	tcrnet	retention	0.0321	0.59551
TRB	tcrnet	retention	0.0333	0.60112
TRB	tcrnet	retention	0.0392	0.60674
TRB	tcrnet	retention	0.0392	0.61236
TRB	tcrnet	retention	0.0414	0.61798
TRB	tcrnet	retention	0.0417	0.6236
TRB	tcrnet	retention	0.0435	0.62921
TRB	tcrnet	retention	0.0455	0.63483
TRB	tcrnet	retention	0.0465	0.64045
TRB	tcrnet	retention	0.0476	0.64607
TRB	tcrnet	retention	0.0476	0.65169
TRB	tcrnet	retention	0.0519	0.6573
TRB	tcrnet	retention	0.0523	0.66292
TRB	tcrnet	retention	0.0538	0.66854
TRB	tcrnet	retention	0.0555	0.67416
TRB	tcrnet	retention	0.0563	0.67978
TRB	tcrnet	retention	0.0565	0.68539
TRB	tcrnet	retention	0.0583	0.69101
TRB	tcrnet	retention	0.0597	0.69663
TRB	tcrnet	retention	0.0625	0.70225
TRB	tcrnet	retention	0.0645	0.70787
TRB	tcrnet	retention	0.0654	0.71348
TRB	tcrnet	retention	0.0707	0.7191
TRB	tcrnet	retention	0.0741	0.72472
TRB	tcrnet	retention	0.0741	0.73034
TRB	tcrnet	retention	0.0824	0.73596
TRB	tcrnet	retention	0.087	0.74157
TRB	tcrnet	retention	0.0933	0.74719
TRB	tcrnet	retention	0.0941	0.75281
TRB	tcrnet	retention	0.0943	0.75843
TRB	tcrnet	retention	0.0952	0.76404
TRB	tcrnet	retention	0.0968	0.76966
TRB	tcrnet	retention	0.0982	0.77528
TRB	tcrnet	retention	0.1	0.7809
TRB	tcrnet	retention	0.1078	0.78652
TRB	tcrnet	retention	0.1111	0.79213
TRB	tcrnet	retention	0.1139	0.79775
TRB	tcrnet	retention	0.1169	0.80337
TRB	tcrnet	retention	0.119	0.80899
TRB	tcrnet	retention	0.1224	0.81461
TRB	tcrnet	retention	0.127	0.82022
TRB	tcrnet	retention	0.1506	0.82584
TRB	tcrnet	retention	0.1522	0.83146
TRB	tcrnet	retention	0.1532	0.83708
TRB	tcrnet	retention	0.1556	0.8427
TRB	tcrnet	retention	0.1741	0.84831
TRB	tcrnet	retention	0.1833	0.85393
TRB	tcrnet	retention	0.1838	0.85955
TRB	tcrnet	retention	0.1849	0.86517
TRB	tcrnet	retention	0.1864	0.87079
TRB	tcrnet	retention	0.1951	0.8764
TRB	tcrnet	retention	0.1956	0.88202
TRB	tcrnet	retention	0.2061	0.88764
TRB	tcrnet	retention	0.2105	0.89326
TRB	tcrnet	retention	0.2158	0.89888
TRB	tcrnet	retention	0.2162	0.90449
TRB	tcrnet	retention	0.2188	0.91011
TRB	tcrnet	retention	0.2584	0.91573
TRB	tcrnet	retention	0.2632	0.92135
TRB	tcrnet	retention	0.266	0.92697
TRB	tcrnet	retention	0.267	0.93258
TRB	tcrnet	retention	0.2857	0.9382
TRB	tcrnet	retention	0.2933	0.94382
TRB	tcrnet	retention	0.3235	0.94944
TRB	tcrnet	retention	0.3373	0.95506
TRB	tcrnet	retention	0.3505	0.96067
TRB	tcrnet	retention	0.3712	0.96629
TRB	tcrnet	retention	0.3721	0.97191
TRB	tcrnet	retention	0.4357	0.97753
TRB	tcrnet	retention	0.4545	0.98315
TRB	tcrnet	retention	0.4808	0.98876
TRB	tcrnet	retention	0.5484	0.99438
TRB	tcrnet	retention	0.8223	1.0
TRA	tcremp	percolation	0.008	0.00962
TRA	tcremp	percolation	0.011	0.01923
TRA	tcremp	percolation	0.0476	0.02885
TRA	tcremp	percolation	0.055	0.03846
TRA	tcremp	percolation	0.0662	0.04808
TRA	tcremp	percolation	0.075	0.05769
TRA	tcremp	percolation	0.0812	0.06731
TRA	tcremp	percolation	0.0966	0.07692
TRA	tcremp	percolation	0.1026	0.08654
TRA	tcremp	percolation	0.1209	0.09615
TRA	tcremp	percolation	0.1316	0.10577
TRA	tcremp	percolation	0.1356	0.11538
TRA	tcremp	percolation	0.1429	0.125
TRA	tcremp	percolation	0.1443	0.13462
TRA	tcremp	percolation	0.15	0.14423
TRA	tcremp	percolation	0.2	0.15385
TRA	tcremp	percolation	0.2	0.16346
TRA	tcremp	percolation	0.2	0.17308
TRA	tcremp	percolation	0.2	0.18269
TRA	tcremp	percolation	0.2	0.19231
TRA	tcremp	percolation	0.2	0.20192
TRA	tcremp	percolation	0.2135	0.21154
TRA	tcremp	percolation	0.25	0.22115
TRA	tcremp	percolation	0.25	0.23077
TRA	tcremp	percolation	0.25	0.24038
TRA	tcremp	percolation	0.25	0.25
TRA	tcremp	percolation	0.25	0.25962
TRA	tcremp	percolation	0.25	0.26923
TRA	tcremp	percolation	0.2642	0.27885
TRA	tcremp	percolation	0.3	0.28846
TRA	tcremp	percolation	0.3043	0.29808
TRA	tcremp	percolation	0.3056	0.30769
TRA	tcremp	percolation	0.3077	0.31731
TRA	tcremp	percolation	0.3083	0.32692
TRA	tcremp	percolation	0.3333	0.33654
TRA	tcremp	percolation	0.3333	0.34615
TRA	tcremp	percolation	0.3333	0.35577
TRA	tcremp	percolation	0.3333	0.36538
TRA	tcremp	percolation	0.3333	0.375
TRA	tcremp	percolation	0.3333	0.38462
TRA	tcremp	percolation	0.3333	0.39423
TRA	tcremp	percolation	0.3333	0.40385
TRA	tcremp	percolation	0.3333	0.41346
TRA	tcremp	percolation	0.3429	0.42308
TRA	tcremp	percolation	0.3529	0.43269
TRA	tcremp	percolation	0.381	0.44231
TRA	tcremp	percolation	0.3939	0.45192
TRA	tcremp	percolation	0.4	0.46154
TRA	tcremp	percolation	0.4118	0.47115
TRA	tcremp	percolation	0.4375	0.48077
TRA	tcremp	percolation	0.44	0.49038
TRA	tcremp	percolation	0.4667	0.5
TRA	tcremp	percolation	0.5	0.50962
TRA	tcremp	percolation	0.5	0.51923
TRA	tcremp	percolation	0.5	0.52885
TRA	tcremp	percolation	0.5	0.53846
TRA	tcremp	percolation	0.5	0.54808
TRA	tcremp	percolation	0.5	0.55769
TRA	tcremp	percolation	0.5	0.56731
TRA	tcremp	percolation	0.5	0.57692
TRA	tcremp	percolation	0.5	0.58654
TRA	tcremp	percolation	0.5	0.59615
TRA	tcremp	percolation	0.5	0.60577
TRA	tcremp	percolation	0.5	0.61538
TRA	tcremp	percolation	0.5	0.625
TRA	tcremp	percolation	0.5	0.63462
TRA	tcremp	percolation	0.5	0.64423
TRA	tcremp	percolation	0.5	0.65385
TRA	tcremp	percolation	0.5556	0.66346
TRA	tcremp	percolation	0.5789	0.67308
TRA	tcremp	percolation	0.6087	0.68269
TRA	tcremp	percolation	0.6667	0.69231
TRA	tcremp	percolation	0.6875	0.70192
TRA	tcremp	percolation	0.6923	0.71154
TRA	tcremp	percolation	0.7059	0.72115
TRA	tcremp	percolation	0.7254	0.73077
TRA	tcremp	percolation	0.7629	0.74038
TRA	tcremp	percolation	0.7857	0.75
TRA	tcremp	percolation	0.81	0.75962
TRA	tcremp	percolation	0.8333	0.76923
TRA	tcremp	percolation	0.8947	0.77885
TRA	tcremp	percolation	0.9	0.78846
TRA	tcremp	percolation	0.9167	0.79808
TRA	tcremp	percolation	0.9231	0.80769
TRA	tcremp	percolation	0.9818	0.81731
TRA	tcremp	percolation	1.0	0.82692
TRA	tcremp	percolation	1.0	0.83654
TRA	tcremp	percolation	1.0	0.84615
TRA	tcremp	percolation	1.0	0.85577
TRA	tcremp	percolation	1.0	0.86538
TRA	tcremp	percolation	1.0	0.875
TRA	tcremp	percolation	1.0	0.88462
TRA	tcremp	percolation	1.0	0.89423
TRA	tcremp	percolation	1.0	0.90385
TRA	tcremp	percolation	1.0	0.91346
TRA	tcremp	percolation	1.0	0.92308
TRA	tcremp	percolation	1.0	0.93269
TRA	tcremp	percolation	1.0	0.94231
TRA	tcremp	percolation	1.0	0.95192
TRA	tcremp	percolation	1.0	0.96154
TRA	tcremp	percolation	1.0	0.97115
TRA	tcremp	percolation	1.0	0.98077
TRA	tcremp	percolation	1.0	0.99038
TRA	tcremp	percolation	1.0	1.0
TRA	tcrnet	percolation	0.02	0.00971
TRA	tcrnet	percolation	0.0234	0.01942
TRA	tcrnet	percolation	0.0656	0.02913
TRA	tcrnet	percolation	0.0682	0.03883
TRA	tcrnet	percolation	0.0843	0.04854
TRA	tcrnet	percolation	0.0854	0.05825
TRA	tcrnet	percolation	0.1034	0.06796
TRA	tcrnet	percolation	0.125	0.07767
TRA	tcrnet	percolation	0.1364	0.08738
TRA	tcrnet	percolation	0.1429	0.09709
TRA	tcrnet	percolation	0.1485	0.1068
TRA	tcrnet	percolation	0.1512	0.1165
TRA	tcrnet	percolation	0.1667	0.12621
TRA	tcrnet	percolation	0.1667	0.13592
TRA	tcrnet	percolation	0.1667	0.14563
TRA	tcrnet	percolation	0.1667	0.15534
TRA	tcrnet	percolation	0.1667	0.16505
TRA	tcrnet	percolation	0.1818	0.17476
TRA	tcrnet	percolation	0.2	0.18447
TRA	tcrnet	percolation	0.2	0.19417
TRA	tcrnet	percolation	0.2	0.20388
TRA	tcrnet	percolation	0.2222	0.21359
TRA	tcrnet	percolation	0.2222	0.2233
TRA	tcrnet	percolation	0.231	0.23301
TRA	tcrnet	percolation	0.2364	0.24272
TRA	tcrnet	percolation	0.25	0.25243
TRA	tcrnet	percolation	0.25	0.26214
TRA	tcrnet	percolation	0.25	0.27184
TRA	tcrnet	percolation	0.25	0.28155
TRA	tcrnet	percolation	0.25	0.29126
TRA	tcrnet	percolation	0.2664	0.30097
TRA	tcrnet	percolation	0.3	0.31068
TRA	tcrnet	percolation	0.3158	0.32039
TRA	tcrnet	percolation	0.3333	0.3301
TRA	tcrnet	percolation	0.3333	0.33981
TRA	tcrnet	percolation	0.3333	0.34951
TRA	tcrnet	percolation	0.3333	0.35922
TRA	tcrnet	percolation	0.3333	0.36893
TRA	tcrnet	percolation	0.3333	0.37864
TRA	tcrnet	percolation	0.3333	0.38835
TRA	tcrnet	percolation	0.3333	0.39806
TRA	tcrnet	percolation	0.3333	0.40777
TRA	tcrnet	percolation	0.3333	0.41748
TRA	tcrnet	percolation	0.3333	0.42718
TRA	tcrnet	percolation	0.3333	0.43689
TRA	tcrnet	percolation	0.3333	0.4466
TRA	tcrnet	percolation	0.3333	0.45631
TRA	tcrnet	percolation	0.3417	0.46602
TRA	tcrnet	percolation	0.3429	0.47573
TRA	tcrnet	percolation	0.3571	0.48544
TRA	tcrnet	percolation	0.3846	0.49515
TRA	tcrnet	percolation	0.3958	0.50485
TRA	tcrnet	percolation	0.4	0.51456
TRA	tcrnet	percolation	0.4753	0.52427
TRA	tcrnet	percolation	0.5	0.53398
TRA	tcrnet	percolation	0.5	0.54369
TRA	tcrnet	percolation	0.5	0.5534
TRA	tcrnet	percolation	0.5	0.56311
TRA	tcrnet	percolation	0.5	0.57282
TRA	tcrnet	percolation	0.5	0.58252
TRA	tcrnet	percolation	0.5	0.59223
TRA	tcrnet	percolation	0.5238	0.60194
TRA	tcrnet	percolation	0.5294	0.61165
TRA	tcrnet	percolation	0.5333	0.62136
TRA	tcrnet	percolation	0.5556	0.63107
TRA	tcrnet	percolation	0.5556	0.64078
TRA	tcrnet	percolation	0.5789	0.65049
TRA	tcrnet	percolation	0.5833	0.66019
TRA	tcrnet	percolation	0.6129	0.6699
TRA	tcrnet	percolation	0.6429	0.67961
TRA	tcrnet	percolation	0.7	0.68932
TRA	tcrnet	percolation	0.7568	0.69903
TRA	tcrnet	percolation	0.8	0.70874
TRA	tcrnet	percolation	0.8182	0.71845
TRA	tcrnet	percolation	0.8333	0.72816
TRA	tcrnet	percolation	0.8333	0.73786
TRA	tcrnet	percolation	0.8333	0.74757
TRA	tcrnet	percolation	0.8333	0.75728
TRA	tcrnet	percolation	0.8571	0.76699
TRA	tcrnet	percolation	0.8571	0.7767
TRA	tcrnet	percolation	0.8889	0.78641
TRA	tcrnet	percolation	0.9375	0.79612
TRA	tcrnet	percolation	0.94	0.80583
TRA	tcrnet	percolation	1.0	0.81553
TRA	tcrnet	percolation	1.0	0.82524
TRA	tcrnet	percolation	1.0	0.83495
TRA	tcrnet	percolation	1.0	0.84466
TRA	tcrnet	percolation	1.0	0.85437
TRA	tcrnet	percolation	1.0	0.86408
TRA	tcrnet	percolation	1.0	0.87379
TRA	tcrnet	percolation	1.0	0.8835
TRA	tcrnet	percolation	1.0	0.8932
TRA	tcrnet	percolation	1.0	0.90291
TRA	tcrnet	percolation	1.0	0.91262
TRA	tcrnet	percolation	1.0	0.92233
TRA	tcrnet	percolation	1.0	0.93204
TRA	tcrnet	percolation	1.0	0.94175
TRA	tcrnet	percolation	1.0	0.95146
TRA	tcrnet	percolation	1.0	0.96117
TRA	tcrnet	percolation	1.0	0.97087
TRA	tcrnet	percolation	1.0	0.98058
TRA	tcrnet	percolation	1.0	0.99029
TRA	tcrnet	percolation	1.0	1.0
TRB	tcremp	percolation	0.0491	0.00952
TRB	tcremp	percolation	0.055	0.01905
TRB	tcremp	percolation	0.1067	0.02857
TRB	tcremp	percolation	0.1124	0.0381
TRB	tcremp	percolation	0.1205	0.04762
TRB	tcremp	percolation	0.1429	0.05714
TRB	tcremp	percolation	0.1429	0.06667
TRB	tcremp	percolation	0.1492	0.07619
TRB	tcremp	percolation	0.1593	0.08571
TRB	tcremp	percolation	0.1628	0.09524
TRB	tcremp	percolation	0.1667	0.10476
TRB	tcremp	percolation	0.1667	0.11429
TRB	tcremp	percolation	0.1733	0.12381
TRB	tcremp	percolation	0.1781	0.13333
TRB	tcremp	percolation	0.1796	0.14286
TRB	tcremp	percolation	0.1901	0.15238
TRB	tcremp	percolation	0.2036	0.1619
TRB	tcremp	percolation	0.2273	0.17143
TRB	tcremp	percolation	0.2308	0.18095
TRB	tcremp	percolation	0.2405	0.19048
TRB	tcremp	percolation	0.241	0.2
TRB	tcremp	percolation	0.2632	0.20952
TRB	tcremp	percolation	0.2653	0.21905
TRB	tcremp	percolation	0.2917	0.22857
TRB	tcremp	percolation	0.3125	0.2381
TRB	tcremp	percolation	0.3191	0.24762
TRB	tcremp	percolation	0.3214	0.25714
TRB	tcremp	percolation	0.3333	0.26667
TRB	tcremp	percolation	0.3333	0.27619
TRB	tcremp	percolation	0.3684	0.28571
TRB	tcremp	percolation	0.4167	0.29524
TRB	tcremp	percolation	0.4409	0.30476
TRB	tcremp	percolation	0.4857	0.31429
TRB	tcremp	percolation	0.5	0.32381
TRB	tcremp	percolation	0.5	0.33333
TRB	tcremp	percolation	0.5	0.34286
TRB	tcremp	percolation	0.5	0.35238
TRB	tcremp	percolation	0.5	0.3619
TRB	tcremp	percolation	0.5	0.37143
TRB	tcremp	percolation	0.5	0.38095
TRB	tcremp	percolation	0.5	0.39048
TRB	tcremp	percolation	0.5	0.4
TRB	tcremp	percolation	0.5455	0.40952
TRB	tcremp	percolation	0.5625	0.41905
TRB	tcremp	percolation	0.6154	0.42857
TRB	tcremp	percolation	0.625	0.4381
TRB	tcremp	percolation	0.625	0.44762
TRB	tcremp	percolation	0.625	0.45714
TRB	tcremp	percolation	0.625	0.46667
TRB	tcremp	percolation	0.6304	0.47619
TRB	tcremp	percolation	0.6364	0.48571
TRB	tcremp	percolation	0.6522	0.49524
TRB	tcremp	percolation	0.6667	0.50476
TRB	tcremp	percolation	0.6765	0.51429
TRB	tcremp	percolation	0.7	0.52381
TRB	tcremp	percolation	0.7143	0.53333
TRB	tcremp	percolation	0.7143	0.54286
TRB	tcremp	percolation	0.7273	0.55238
TRB	tcremp	percolation	0.7391	0.5619
TRB	tcremp	percolation	0.7534	0.57143
TRB	tcremp	percolation	0.7778	0.58095
TRB	tcremp	percolation	0.8148	0.59048
TRB	tcremp	percolation	0.8333	0.6
TRB	tcremp	percolation	0.8571	0.60952
TRB	tcremp	percolation	0.875	0.61905
TRB	tcremp	percolation	0.9333	0.62857
TRB	tcremp	percolation	0.9444	0.6381
TRB	tcremp	percolation	0.9615	0.64762
TRB	tcremp	percolation	1.0	0.65714
TRB	tcremp	percolation	1.0	0.66667
TRB	tcremp	percolation	1.0	0.67619
TRB	tcremp	percolation	1.0	0.68571
TRB	tcremp	percolation	1.0	0.69524
TRB	tcremp	percolation	1.0	0.70476
TRB	tcremp	percolation	1.0	0.71429
TRB	tcremp	percolation	1.0	0.72381
TRB	tcremp	percolation	1.0	0.73333
TRB	tcremp	percolation	1.0	0.74286
TRB	tcremp	percolation	1.0	0.75238
TRB	tcremp	percolation	1.0	0.7619
TRB	tcremp	percolation	1.0	0.77143
TRB	tcremp	percolation	1.0	0.78095
TRB	tcremp	percolation	1.0	0.79048
TRB	tcremp	percolation	1.0	0.8
TRB	tcremp	percolation	1.0	0.80952
TRB	tcremp	percolation	1.0	0.81905
TRB	tcremp	percolation	1.0	0.82857
TRB	tcremp	percolation	1.0	0.8381
TRB	tcremp	percolation	1.0	0.84762
TRB	tcremp	percolation	1.0	0.85714
TRB	tcremp	percolation	1.0	0.86667
TRB	tcremp	percolation	1.0	0.87619
TRB	tcremp	percolation	1.0	0.88571
TRB	tcremp	percolation	1.0	0.89524
TRB	tcremp	percolation	1.0	0.90476
TRB	tcremp	percolation	1.0	0.91429
TRB	tcremp	percolation	1.0	0.92381
TRB	tcremp	percolation	1.0	0.93333
TRB	tcremp	percolation	1.0	0.94286
TRB	tcremp	percolation	1.0	0.95238
TRB	tcremp	percolation	1.0	0.9619
TRB	tcremp	percolation	1.0	0.97143
TRB	tcremp	percolation	1.0	0.98095
TRB	tcremp	percolation	1.0	0.99048
TRB	tcremp	percolation	1.0	1.0
TRB	tcrnet	percolation	0.0892	0.00917
TRB	tcrnet	percolation	0.0949	0.01835
TRB	tcrnet	percolation	0.1007	0.02752
TRB	tcrnet	percolation	0.1031	0.0367
TRB	tcrnet	percolation	0.12	0.04587
TRB	tcrnet	percolation	0.1216	0.05505
TRB	tcrnet	percolation	0.1234	0.06422
TRB	tcrnet	percolation	0.125	0.07339
TRB	tcrnet	percolation	0.1455	0.08257
TRB	tcrnet	percolation	0.1667	0.09174
TRB	tcrnet	percolation	0.1724	0.10092
TRB	tcrnet	percolation	0.1765	0.11009
TRB	tcrnet	percolation	0.2439	0.11927
TRB	tcrnet	percolation	0.25	0.12844
TRB	tcrnet	percolation	0.25	0.13761
TRB	tcrnet	percolation	0.3056	0.14679
TRB	tcrnet	percolation	0.3333	0.15596
TRB	tcrnet	percolation	0.3529	0.16514
TRB	tcrnet	percolation	0.3529	0.17431
TRB	tcrnet	percolation	0.3636	0.18349
TRB	tcrnet	percolation	0.3647	0.19266
TRB	tcrnet	percolation	0.375	0.20183
TRB	tcrnet	percolation	0.3846	0.21101
TRB	tcrnet	percolation	0.4091	0.22018
TRB	tcrnet	percolation	0.4375	0.22936
TRB	tcrnet	percolation	0.5	0.23853
TRB	tcrnet	percolation	0.5	0.24771
TRB	tcrnet	percolation	0.5	0.25688
TRB	tcrnet	percolation	0.5	0.26606
TRB	tcrnet	percolation	0.5	0.27523
TRB	tcrnet	percolation	0.5	0.2844
TRB	tcrnet	percolation	0.5	0.29358
TRB	tcrnet	percolation	0.5	0.30275
TRB	tcrnet	percolation	0.5	0.31193
TRB	tcrnet	percolation	0.5	0.3211
TRB	tcrnet	percolation	0.5	0.33028
TRB	tcrnet	percolation	0.5	0.33945
TRB	tcrnet	percolation	0.5238	0.34862
TRB	tcrnet	percolation	0.5316	0.3578
TRB	tcrnet	percolation	0.5333	0.36697
TRB	tcrnet	percolation	0.5366	0.37615
TRB	tcrnet	percolation	0.5455	0.38532
TRB	tcrnet	percolation	0.5833	0.3945
TRB	tcrnet	percolation	0.5855	0.40367
TRB	tcrnet	percolation	0.5882	0.41284
TRB	tcrnet	percolation	0.5977	0.42202
TRB	tcrnet	percolation	0.625	0.43119
TRB	tcrnet	percolation	0.625	0.44037
TRB	tcrnet	percolation	0.6279	0.44954
TRB	tcrnet	percolation	0.6364	0.45872
TRB	tcrnet	percolation	0.6549	0.46789
TRB	tcrnet	percolation	0.6667	0.47706
TRB	tcrnet	percolation	0.6667	0.48624
TRB	tcrnet	percolation	0.6875	0.49541
TRB	tcrnet	percolation	0.7059	0.50459
TRB	tcrnet	percolation	0.75	0.51376
TRB	tcrnet	percolation	0.7692	0.52294
TRB	tcrnet	percolation	0.7755	0.53211
TRB	tcrnet	percolation	0.7778	0.54128
TRB	tcrnet	percolation	0.7826	0.55046
TRB	tcrnet	percolation	0.8173	0.55963
TRB	tcrnet	percolation	0.8333	0.56881
TRB	tcrnet	percolation	0.8333	0.57798
TRB	tcrnet	percolation	0.8333	0.58716
TRB	tcrnet	percolation	0.8571	0.59633
TRB	tcrnet	percolation	0.8667	0.6055
TRB	tcrnet	percolation	0.875	0.61468
TRB	tcrnet	percolation	0.8758	0.62385
TRB	tcrnet	percolation	0.9	0.63303
TRB	tcrnet	percolation	0.9231	0.6422
TRB	tcrnet	percolation	0.9429	0.65138
TRB	tcrnet	percolation	1.0	0.66055
TRB	tcrnet	percolation	1.0	0.66972
TRB	tcrnet	percolation	1.0	0.6789
TRB	tcrnet	percolation	1.0	0.68807
TRB	tcrnet	percolation	1.0	0.69725
TRB	tcrnet	percolation	1.0	0.70642
TRB	tcrnet	percolation	1.0	0.7156
TRB	tcrnet	percolation	1.0	0.72477
TRB	tcrnet	percolation	1.0	0.73394
TRB	tcrnet	percolation	1.0	0.74312
TRB	tcrnet	percolation	1.0	0.75229
TRB	tcrnet	percolation	1.0	0.76147
TRB	tcrnet	percolation	1.0	0.77064
TRB	tcrnet	percolation	1.0	0.77982
TRB	tcrnet	percolation	1.0	0.78899
TRB	tcrnet	percolation	1.0	0.79817
TRB	tcrnet	percolation	1.0	0.80734
TRB	tcrnet	percolation	1.0	0.81651
TRB	tcrnet	percolation	1.0	0.82569
TRB	tcrnet	percolation	1.0	0.83486
TRB	tcrnet	percolation	1.0	0.84404
TRB	tcrnet	percolation	1.0	0.85321
TRB	tcrnet	percolation	1.0	0.86239
TRB	tcrnet	percolation	1.0	0.87156
TRB	tcrnet	percolation	1.0	0.88073
TRB	tcrnet	percolation	1.0	0.88991
TRB	tcrnet	percolation	1.0	0.89908
TRB	tcrnet	percolation	1.0	0.90826
TRB	tcrnet	percolation	1.0	0.91743
TRB	tcrnet	percolation	1.0	0.92661
TRB	tcrnet	percolation	1.0	0.93578
TRB	tcrnet	percolation	1.0	0.94495
TRB	tcrnet	percolation	1.0	0.95413
TRB	tcrnet	percolation	1.0	0.9633
TRB	tcrnet	percolation	1.0	0.97248
TRB	tcrnet	percolation	1.0	0.98165
TRB	tcrnet	percolation	1.0	0.99083
TRB	tcrnet	percolation	1.0	1.0
