gene	algo	config	retention	lift	f1	q	purity	precision	epitopes	perc_med	cids	admissible
TRA	dbscan	coef 0.4	0.017	11.4053236937233	0.12199630314232904	0.0036158281446075666	0.9204	0.8874	31	1.0	47	0
TRA	dbscan	coef 0.6	0.0617	6.385059636309961	0.194845652789578	0.01972098034226565	0.9258	0.905	54	0.51315	175	0
TRA	dbscan	coef 0.9	0.1184	3.690763590410182	0.17164282738508538	0.06476737691580095	0.9181	0.9034	84	0.7321500000000001	467	0
TRA	dbscan	coef 1.15	0.1566	2.832212804212419	0.14435022677972786	0.09890550939706397	0.9152	0.9023	95	0.5455	721	0
TRA	dbscan	coef 1.3	0.1785	2.5568959359415855	0.13449605903068926	0.11904889860596113	0.9118	0.8978	97	0.5	878	0
TRA	dbscan	coef 1.55	0.2159	2.1512212080298165	0.11716602989476506	0.1472846642494373	0.9107	0.8942	103	0.5	1193	0
TRA	dbscan	coef 1.8	0.2509	1.8536957981303774	0.10315089341074349	0.17285052681472557	0.9105	0.8932	104	0.48335	1488	0
TRA	dbscan	coef 2.1	0.2824	1.6547299533026831	0.09340929181809252	0.19564908791409463	0.9105	0.8996	106	0.4641	1768	0
TRA	dbscan	coef 2.5	0.3305	1.43152612884058	0.08205847181559522	0.22874995475542242	0.9103	0.8982	109	0.4118	2108	0
TRA	hdbscan-eom	mcs3 ms2	0.3244	1.3888355922970042	0.07889057262249162	0.1700261762577065	0.9061	0.9032	114	0.355	2567	0
TRA	hdbscan-eom	mcs3 ms3	0.3434	1.3747892160554651	0.07852929779997418	0.1899283105421643	0.9046	0.9011	115	0.3684	2546	0
TRA	hdbscan-eom	mcs5 ms2	0.4366	1.2573029906915245	0.07338632750397456	0.2615733965478549	0.9017	0.8978	116	0.306	3236	0
TRA	hdbscan-eom	mcs5 ms5	0.4466	1.1768787051134764	0.0688144170832562	0.3137739937762808	0.8651	0.8683	115	0.3333	2725	0
TRA	hdbscan-eom	mcs5 ms3	0.4549	1.1624056922758192	0.06806692344727973	0.30793250718057774	0.8656	0.87	115	0.3182	3064	0
TRA	hdbscan-eom	mcs8 ms5	0.4685	1.154248468424672	0.06780046641260452	0.34219339099406276	0.87	0.8698	115	0.3333	2654	0
TRA	hdbscan-eom	mcs10 ms5	0.4848	1.1283664298340128	0.06643451765602046	0.3612805802094414	0.8719	0.8707	116	0.29355	2608	0
TRA	hdbscan-eom	mcs8 ms3	0.4906	1.125790838804946	0.06629024377002007	0.3485737383031949	0.8751	0.8756	116	0.31174999999999997	2973	0
TRA	hdbscan-eom	mcs15 ms5	0.4909	1.125942155591435	0.06635324286782776	0.37382208210286816	0.8711	0.8693	113	0.2581	2448	0
TRA	hdbscan-eom	mcs8 ms2	0.4952	1.1222034573579491	0.06611525860679951	0.3465800790797327	0.8749	0.8761	116	0.2952	3100	0
TRA	hdbscan-eom	mcs10 ms3	0.5008	1.1319949192163374	0.06677831274858699	0.36145535422537933	0.8758	0.8748	116	0.306	2952	0
TRA	hdbscan-eom	mcs50 ms10	0.5063	0.8876210356127207	0.05250679180044455	0.6341067470841137	0.8814	0.8626	109	0.2857	496	0
TRA	hdbscan-eom	mcs10 ms2	0.5116	1.1334960291534053	0.06692539001259348	0.3654812141515677	0.8782	0.8777	116	0.2952	3046	0
TRA	hdbscan-eom	mcs15 ms3	0.5157	1.0954410861057766	0.06472672064777328	0.3800944892537246	0.876	0.8739	114	0.25	2780	0
TRA	hdbscan-eom	mcs20 ms3	0.5209	1.082532982652422	0.06401155695035991	0.3950727073731307	0.8763	0.8729	111	0.25	2570	0
TRA	hdbscan-eom	mcs15 ms2	0.5214	1.0990895837706791	0.06499577303694863	0.3825754684065797	0.8771	0.875	114	0.25	2899	0
TRA	hdbscan-eom	mcs30 ms10	0.5274	0.8739450950331682	0.05178486435030937	0.6347660056718718	0.8778	0.8712	109	0.3019	652	0
TRA	hdbscan-eom	mcs20 ms2	0.5276	1.0779157092999636	0.06378333292446581	0.39787642096437753	0.8773	0.8741	111	0.2444	2639	0
TRA	hdbscan-eom	mcs20 ms10	0.5292	0.8772963722368884	0.051991176679870015	0.634089255298579	0.8777	0.871	109	0.2993	718	0
TRA	hdbscan-eom	mcs50 ms5	0.5369	0.9048476567926813	0.05365098719692351	0.6333638233737366	0.892	0.8819	110	0.25	699	0
TRA	hdbscan-eom	mcs30 ms3	0.5431	1.009548742316995	0.059850374064837904	0.5362699320501205	0.8813	0.8744	111	0.25	1609	0
TRA	hdbscan-eom	mcs15 ms10	0.5438	0.8633033350781125	0.051234964649710765	0.6406735783814067	0.879	0.8746	112	0.29864999999999997	793	0
TRA	hdbscan-eom	mcs20 ms5	0.5454	1.0086398617034766	0.059762665014535574	0.5344439782923073	0.8825	0.8788	111	0.2558	1630	0
TRA	hdbscan-eom	mcs10 ms10	0.5481	0.8482977945875877	0.05036200537316151	0.6400894125550227	0.8799	0.8792	113	0.3134	883	0
TRA	hdbscan-eom	mcs50 ms3	0.5526	0.9153700972136727	0.05435423183281201	0.6402617366870695	0.8898	0.8822	111	0.25	763	0
TRA	hdbscan-eom	mcs30 ms2	0.5567	1.0005226071051558	0.059355018070614406	0.5397531329265335	0.8835	0.8766	111	0.25	1654	0
TRA	hdbscan-eom	mcs50 ms2	0.5609	0.9202239097017512	0.05468158117563172	0.6446797457966962	0.8919	0.8844	111	0.25	797	0
TRA	hdbscan-eom	mcs30 ms5	0.5623	0.9214944453854702	0.05476470718870061	0.6488944670339201	0.8833	0.8756	111	0.2857	824	0
TRA	hdbscan-leaf	mcs3 ms2	0.2383	1.2849573248980626	0.07115554248750368	0.11554851497808899	0.8888	0.882	109	0.3636	2327	0
TRA	hdbscan-leaf	mcs3 ms3	0.2487	1.3396442967258326	0.07447413303013076	0.12298588840681166	0.8872	0.8812	110	0.3333	2296	0
TRA	hdbscan-leaf	mcs5 ms5	0.3344	1.3965667186306319	0.07992596331818946	0.1876381115859041	0.9002	0.8968	114	0.37715	2619	0
TRA	hdbscan-leaf	mcs5 ms3	0.3441	1.337328959479819	0.07686174453835114	0.18651764609009205	0.8973	0.8928	115	0.3421	3015	0
TRA	hdbscan-leaf	mcs10 ms10	0.3486	1.3427703600461018	0.07718628153099387	0.2363661143150831	0.8884	0.8823	109	0.3333	1967	0
TRA	hdbscan-leaf	mcs5 ms2	0.3523	1.3636817283177738	0.07854235316921884	0.18777663025687716	0.8982	0.8946	115	0.3333	3199	0
TRA	hdbscan-leaf	mcs15 ms10	0.357	1.352067688522442	0.07793005489654113	0.25017897308118386	0.8883	0.8811	108	0.32120000000000004	1893	0
TRA	hdbscan-leaf	mcs50 ms10	0.3593	1.2343567511497824	0.07143634187910215	0.312980671184797	0.8775	0.8642	105	0.2546	1127	0
TRA	hdbscan-leaf	mcs20 ms10	0.3624	1.359504966480894	0.0785148662782011	0.2638753637504978	0.8887	0.8788	104	0.25	1772	0
TRA	hdbscan-leaf	mcs30 ms10	0.3721	1.2876174181001276	0.07454447050333753	0.28767421231744794	0.8825	0.8724	102	0.26435	1529	0
TRA	hdbscan-leaf	mcs8 ms5	0.3761	1.293916203517901	0.07484756654131221	0.22914298482817172	0.8994	0.8945	113	0.3333	2661	0
TRA	hdbscan-leaf	mcs8 ms3	0.3927	1.2883287129078709	0.07481468712290985	0.23344358377799582	0.8991	0.8945	114	0.317	2992	0
TRA	hdbscan-leaf	mcs8 ms2	0.4002	1.2771618297423142	0.07428821136844936	0.23639346180198614	0.9001	0.8956	115	0.3182	3121	0
TRA	hdbscan-leaf	mcs10 ms5	0.4016	1.2646881074546281	0.07346686788311153	0.2491761796629434	0.8999	0.8949	115	0.3333	2669	0
TRA	hdbscan-leaf	mcs10 ms2	0.4169	1.2284184860587382	0.07167311938053947	0.2534927701324752	0.899	0.8948	114	0.3191	3114	0
TRA	hdbscan-leaf	mcs10 ms3	0.4197	1.2129045761245107	0.07069392006249187	0.2516603178994594	0.8986	0.8941	114	0.3084	3010	0
TRA	hdbscan-leaf	mcs50 ms5	0.4304	1.142693578576883	0.06687723987122639	0.34667987063474376	0.8869	0.8767	108	0.24125000000000002	1542	0
TRA	hdbscan-leaf	mcs15 ms5	0.4343	1.248112800429783	0.07295737949004281	0.286790749714349	0.8945	0.8897	110	0.28164999999999996	2626	0
TRA	hdbscan-leaf	mcs30 ms5	0.4397	1.189562358626589	0.06968474525623787	0.3230443364025169	0.8916	0.8866	109	0.268	2091	0
TRA	hdbscan-leaf	mcs20 ms5	0.4431	1.2147059643911378	0.07112983300737175	0.3064662310926733	0.8935	0.8884	109	0.25	2470	0
TRA	hdbscan-leaf	mcs15 ms3	0.4558	1.1650618612719907	0.06829066398628274	0.28976864419232845	0.8978	0.8919	113	0.25	2952	0
TRA	hdbscan-leaf	mcs50 ms3	0.4558	1.088966598108936	0.06395249243419174	0.359667124995693	0.8867	0.8778	110	0.25	1733	0
TRA	hdbscan-leaf	mcs15 ms2	0.465	1.144209939219427	0.06715901223171013	0.2943060687201373	0.8998	0.8947	113	0.3063	3069	0
TRA	hdbscan-leaf	mcs50 ms2	0.4659	1.0748670745038715	0.06321119550399243	0.3670180741460863	0.8887	0.8822	111	0.25	1787	0
TRA	hdbscan-leaf	mcs30 ms3	0.467	1.1691736514842794	0.06873583163079679	0.3358492786860041	0.891	0.8856	109	0.25	2367	0
TRA	hdbscan-leaf	mcs20 ms3	0.47	1.16006821073844	0.06815670944165887	0.3137683887131936	0.8981	0.893	109	0.25	2786	0
TRA	hdbscan-leaf	mcs20 ms2	0.4776	1.1478396301758877	0.06751054852320676	0.3173299177235035	0.8979	0.8933	110	0.24659999999999999	2870	0
TRA	hdbscan-leaf	mcs30 ms2	0.4779	1.1635897538642104	0.06847054941428807	0.33881732650864116	0.8943	0.8898	110	0.25	2461	0
TRA	hybrid	mcs3 M10	0.1159	3.347498916863986	0.1554346309473978	0.042966070852910175	0.8963	0.8851	76	0.43075	821	0
TRA	hybrid	mcs3 M1	0.1211	3.519876652978574	0.16387543252595155	0.042037852074856344	0.9036	0.8906	80	0.5	856	0
TRA	hybrid	mcs3 M5	0.1255	3.618467525342921	0.1701556629092861	0.04518262453453986	0.904	0.8928	86	0.5	855	0
TRA	hybrid	mcs5 M5	0.1499	3.161163800804433	0.15771230502599654	0.06777790922020246	0.9007	0.8913	84	0.5	844	0
TRA	hybrid	mcs5 M1	0.1499	3.1779571679422793	0.1582167832167832	0.06587911977197859	0.9016	0.8944	84	0.4853	873	0
TRA	hybrid	mcs5 M10	0.1515	3.122940771355012	0.15592268653493144	0.0680176228453842	0.8978	0.8867	81	0.4348	857	0
TRA	hybrid	mcs50 M1	0.1608	2.579649380645178	0.1321662177760677	0.12479404520873097	0.8626	0.828	85	0.3333	317	0
TRA	hybrid	mcs50 M10	0.1609	2.5703474689078774	0.1317054412612959	0.12682223834834194	0.8625	0.8249	84	0.3333	307	0
TRA	hybrid	mcs10 M1	0.1616	2.9226751000820292	0.1484523690273465	0.08631698772731639	0.8873	0.8693	84	0.36429999999999996	685	0
TRA	hybrid	mcs50 M5	0.1616	2.5807314470659914	0.13237685318029652	0.12976366274496057	0.86	0.824	85	0.3333	291	0
TRA	hybrid	mcs10 M10	0.162	2.863312273573726	0.1456175298804781	0.08956516605598464	0.8884	0.8683	83	0.3333	652	0
TRA	hybrid	mcs10 M5	0.1623	2.9217128243808603	0.14859077781097502	0.08885371594464214	0.8877	0.8689	84	0.33699999999999997	654	0
TRA	hybrid	mcs20 M1	0.1662	2.740488449431506	0.14024567172840702	0.10523405627323099	0.8794	0.8579	84	0.3333	501	0
TRA	hybrid	mcs20 M10	0.1674	2.7445481883331286	0.14061748581321537	0.10802509882607234	0.879	0.8557	84	0.3333	477	0
TRA	hybrid	mcs20 M5	0.1675	2.737233633485891	0.1403071017274472	0.10786880698926145	0.8777	0.8565	85	0.3333	483	0
TRA	hybrid-len-all	mcs3 M1	0.6147	1.011638238063881	0.0603297374313047	0.30306915184482375	0.9123	0.9145	116	0.18875	7124	0
TRA	hybrid-len-all	mcs3 M5	0.6284	0.9931837476142333	0.05928280520512566	0.317307932857244	0.9122	0.9144	117	0.1897	6931	0
TRA	hybrid-len-all	mcs8 M5	0.6797	1.035017691725805	0.06198921142362302	0.4719835674529216	0.9124	0.9145	112	0.25	2908	0
TRA	hybrid-len-all	mcs8 M1	0.6797	1.035017691725805	0.06198921142362302	0.46200589373556905	0.9129	0.915	112	0.24065	3142	0
TRA	hybrid-len-all	mcs5 M1	0.6964	1.0290049312497218	0.06168683149219709	0.4064711330410869	0.9174	0.9201	117	0.2326	5347	0
TRA	hybrid-len-all	mcs5 M5	0.6964	1.0290049312497218	0.06168683149219709	0.4163765954109869	0.9161	0.9187	117	0.2414	4995	0
TRA	hybrid-len-enriched	mcs3 M1	0.1567	2.7203713428277982	0.1374139878812776	0.06150557697681537	0.8888	0.8755	93	0.3333	1207	0
TRA	hybrid-len-enriched	mcs3 M5	0.1621	2.8266335346832845	0.14358666266145992	0.06494934656473783	0.8905	0.8775	92	0.3333	1190	0
TRA	hybrid-len-enriched	mcs8 M1	0.1746	2.5976868187212045	0.13462936046511625	0.10598282890145455	0.884	0.8603	86	0.3333	536	0
TRA	hybrid-len-enriched	mcs8 M5	0.1746	2.5976868187212045	0.13462936046511625	0.10781300922719846	0.884	0.8588	86	0.3333	509	0
TRA	hybrid-len-enriched	mcs5 M1	0.179	2.66228355780934	0.1386279028541039	0.08978438661461702	0.8907	0.8759	92	0.3333	927	0
TRA	hybrid-len-enriched	mcs5 M5	0.179	2.66228355780934	0.1386279028541039	0.09214706833592022	0.8884	0.8695	92	0.34519999999999995	873	0
TRA	hybrid-recruited	mcs3 M10	0.1736	2.2707361509173003	0.11881530092392713	0.07559232294235924	0.8974	0.8857	97	0.5	1494	0
TRA	hybrid-recruited	mcs3 M1	0.1816	2.3678879260068144	0.12440918298446997	0.07585928528433475	0.9025	0.8877	97	0.375	1581	0
TRA	hybrid-recruited	mcs3 M5	0.1823	2.3574665400423704	0.12406989382158683	0.07838519230946836	0.9025	0.8889	100	0.45555	1541	0
TRA	hybrid-recruited	mcs5 M1	0.2179	2.1994559653689785	0.1196372986872378	0.11154757250705165	0.9017	0.8924	101	0.4118	1546	0
TRA	hybrid-recruited	mcs5 M5	0.2187	2.201948619813369	0.11982188638510323	0.11426660692030893	0.9001	0.89	101	0.4286	1488	0
TRA	hybrid-recruited	mcs5 M10	0.2192	2.1766251846143967	0.11846361185983827	0.11420344308009471	0.8989	0.8882	102	0.43955	1501	0
TRA	hybrid-recruited	mcs10 M1	0.2362	2.0202489733809887	0.11131543459605249	0.14447807298919899	0.8977	0.8871	100	0.39445	1260	0
TRA	hybrid-recruited	mcs50 M5	0.238	1.7813618879165145	0.09873373402579215	0.20626151354066405	0.8776	0.8451	98	0.29425	577	0
TRA	hybrid-recruited	mcs50 M1	0.2381	1.7714388384543762	0.09819241982507289	0.206433578250233	0.879	0.8475	98	0.2673	593	0
TRA	hybrid-recruited	mcs50 M10	0.2383	1.7800860068924826	0.0986703988803359	0.2093233805286241	0.8789	0.8463	99	0.3	551	0
TRA	hybrid-recruited	mcs10 M5	0.2383	2.012116995729379	0.11098279948945482	0.14753565084853543	0.8962	0.8851	100	0.38380000000000003	1235	0
TRA	hybrid-recruited	mcs10 M10	0.2397	1.9935695361808168	0.11004409011294317	0.14969350832758035	0.8946	0.8835	100	0.38675000000000004	1220	0
TRA	hybrid-recruited	mcs20 M1	0.2425	1.9182566835650185	0.1062227973179626	0.17292406636190286	0.8914	0.8733	98	0.3333	957	0
TRA	hybrid-recruited	mcs20 M10	0.2432	1.9089793428903123	0.10575063016589482	0.17790331758795325	0.8908	0.8735	99	0.3333	903	0
TRA	hybrid-recruited	mcs20 M5	0.2438	1.9094414610179162	0.10582257781930736	0.17676608062982005	0.8904	0.8731	98	0.3333	934	0
TRA	legacy	--	0.2105	1.7026530816639105	0.09321815368746776	0.1691339107077737	0.8658	0.8567	103	0.4717	926	0
TRA	lumbermark	mcs3 M10	0.3076	1.3558003801523992	0.07716492993172835	0.1472926268491136	0.8996	0.8954	111	0.3529	3249	0
TRA	lumbermark	mcs3 M1	0.3103	1.3784059615822384	0.07844195565150901	0.14444034455624216	0.9008	0.8947	115	0.3182	3334	0
TRA	lumbermark	mcs3 M5	0.3164	1.384693047840243	0.07903765145264255	0.1523943772595083	0.8996	0.8956	114	0.3333	3340	0
TRA	lumbermark	mcs5 M1	0.4204	1.2667703243335438	0.07396879540142758	0.22346908482782568	0.9048	0.9019	116	0.30535	3993	0
TRA	lumbermark	mcs5 M5	0.4309	1.2365546005933816	0.07232906966043987	0.23067986997122197	0.9056	0.9037	116	0.3179	4061	0
TRA	lumbermark	mcs5 M10	0.4319	1.282486775908698	0.07499614851332614	0.2296703338347885	0.9061	0.9049	116	0.28345	4059	0
TRA	lumbermark	mcs10 M1	0.5306	1.1753924307848616	0.0695821185617104	0.3040931150518656	0.9089	0.9095	117	0.25	4447	0
TRA	lumbermark	mcs10 M5	0.5421	1.1360647515095446	0.06734799604389394	0.3158017350937398	0.9092	0.9102	117	0.25	4465	0
TRA	lumbermark	mcs10 M10	0.5465	1.144905094226536	0.06790324835717947	0.319302033100844	0.9094	0.9097	117	0.2571	4494	0
TRA	lumbermark	mcs20 M1	0.6161	1.0860956528543837	0.06478028214691098	0.38571747564702785	0.9122	0.9136	113	0.25	4298	0
TRA	lumbermark	mcs20 M10	0.6267	1.0744384014098853	0.0641313639345566	0.39940905078287575	0.913	0.9139	113	0.25	4156	0
TRA	lumbermark	mcs20 M5	0.6271	1.0693864436335452	0.06382639856659367	0.39879407460923333	0.9125	0.9144	113	0.25	4140	0
TRA	lumbermark	mcs50 M1	0.6525	1.0371726709624733	0.06201609086606719	0.4782443008381423	0.9082	0.9055	111	0.2222	2754	0
TRA	lumbermark	mcs50 M5	0.6556	1.0410608754541624	0.06225988700564972	0.4880664421341041	0.9083	0.9053	111	0.2333	2578	0
TRA	lumbermark	mcs50 M10	0.6571	1.035252912873886	0.06191915588682575	0.4917308367229466	0.9082	0.9048	111	0.2368	2554	0
TRA	shipped-tcremp	--	0.2508	1.8547422955700448	0.10320324836453869	0.17278050721592403	0.9104	0.8931	104	0.48335	1487	0
TRA	shipped-tcrnet	--	0.2323	1.9770302062756908	0.10862339291313891	0.1797659258300594	0.8754	0.8679	103	0.3958	859	0
TRA	trivial	--	0.9983	1.0	0.060032867156320224	0.7940498263607605	0.9204	0.9237	118	0.2488	1104	0
TRB	dbscan	coef 0.4	0.1189	9.548982750995135	0.098698153194066	0.08278872020089406	0.992	0.9856	26	1.0	957	0
TRB	dbscan	coef 0.6	0.2026	6.8316159798387535	0.172753116116335	0.29167840608853857	0.9916	0.9857	33	0.5273	452	0
TRB	dbscan	coef 0.9	0.2845	5.259457171019675	0.21754746023601845	0.38413522829992724	0.9887	0.9875	75	1.0	393	0
TRB	dbscan	coef 1.15	0.3232	4.490188010247648	0.21227670087419231	0.4436616177049264	0.9873	0.9859	88	0.6833499999999999	510	0
TRB	dbscan	coef 1.3	0.3426	4.148850354099672	0.20572553523090806	0.47868834637777913	0.9859	0.9844	94	0.65155	578	0
TRB	dbscan	coef 1.55	0.3747	3.584533419738035	0.18874279422242374	0.49472522268748426	0.9829	0.9814	105	0.6667	772	1
TRB	dbscan	coef 1.8	0.4218	2.7937619299989165	0.15528070344960865	0.5122780409774309	0.9769	0.9747	117	0.5455	1161	1
TRB	dbscan	coef 2.1	0.5049	2.0473508746651636	0.1190749881668808	0.5425798162173509	0.9666	0.9638	122	0.5	1652	1
TRB	dbscan	coef 2.5	0.6188	1.5222129712198258	0.09135346259092078	0.5888107940662174	0.9566	0.9523	127	0.5	2171	1
TRB	hdbscan-eom	mcs3 ms2	0.535	1.2202157119917274	0.0734869677190178	0.2569881706712681	0.9292	0.927	151	0.4286	5863	0
TRB	hdbscan-eom	mcs3 ms3	0.6359	1.1555124358435203	0.07013773566474554	0.40662142630946135	0.9351	0.9344	156	0.4	5068	0
TRB	hdbscan-eom	mcs5 ms2	0.724	1.2175897309610857	0.07439998619666303	0.4427430827118229	0.9389	0.9377	165	0.3571	5851	0
TRB	hdbscan-eom	mcs5 ms3	0.7367	1.1944702004703684	0.07310224955710799	0.46297100011954256	0.9394	0.9388	160	0.306	5334	0
TRB	hdbscan-eom	mcs5 ms5	0.7427	1.1684972725845546	0.07166592114512109	0.4939408893943797	0.9396	0.9393	152	0.30215000000000003	4351	0
TRB	hdbscan-eom	mcs8 ms2	0.7677	1.1662316021550485	0.07158443352537636	0.4885204286560117	0.9399	0.9393	157	0.2632	4888	0
TRB	hdbscan-eom	mcs8 ms3	0.7698	1.1549551565791836	0.07091269284165534	0.49349597538137885	0.9403	0.9401	155	0.2632	4693	1
TRB	hdbscan-eom	mcs8 ms5	0.7704	1.1353010308245264	0.06976637444347547	0.5109047548915301	0.9402	0.9401	142	0.27825	4137	1
TRB	hdbscan-eom	mcs10 ms5	0.7758	1.1220609029001698	0.0689843134879777	0.5153529245879953	0.9401	0.9399	135	0.2692	3960	0
TRB	hdbscan-eom	mcs10 ms3	0.7768	1.1488711658873099	0.07058823529411765	0.4991012973225918	0.9397	0.9395	148	0.25695	4487	0
TRB	hdbscan-eom	mcs10 ms2	0.7779	1.1493952486527925	0.07061250885350907	0.49639836065192594	0.9395	0.939	151	0.254	4633	0
TRB	hdbscan-eom	mcs50 ms10	0.7807	1.0445426147765657	0.06418944759748504	0.6463746649212643	0.9342	0.9302	108	0.34165	1968	0
TRB	hdbscan-eom	mcs15 ms5	0.7937	1.094377353012512	0.06738319806975213	0.5330004026563461	0.939	0.9379	125	0.248	3642	0
TRB	hdbscan-eom	mcs20 ms5	0.7963	1.0916171904149339	0.0671987301027382	0.5525461628260584	0.9412	0.9402	119	0.26	3376	1
TRB	hdbscan-eom	mcs15 ms3	0.7998	1.112166547793286	0.06846008947492348	0.5249623964685866	0.9404	0.9396	132	0.23995	4044	0
TRB	hdbscan-eom	mcs30 ms10	0.8029	1.0416848719880458	0.064032821759611	0.6412154119752353	0.9421	0.9409	109	0.2759	2278	1
TRB	hdbscan-eom	mcs15 ms2	0.803	1.1220316144507796	0.06906898073246066	0.5230135017331528	0.9405	0.9398	134	0.23365000000000002	4178	0
TRB	hdbscan-eom	mcs20 ms2	0.8042	1.1155329926005866	0.06868397178894384	0.5374820454516307	0.9412	0.9392	125	0.2418	3827	0
TRB	hdbscan-eom	mcs10 ms10	0.8096	1.0612124133024181	0.06527914835082683	0.657179790456348	0.9316	0.9379	124	0.2778	2576	0
TRB	hdbscan-eom	mcs20 ms10	0.8162	1.0545017638269718	0.06484990675569993	0.651345205851589	0.9429	0.9416	116	0.2786	2560	1
TRB	hdbscan-eom	mcs30 ms5	0.8188	1.048762349902657	0.06451033512445556	0.6432049606303089	0.9422	0.9411	116	0.26525	2806	1
TRB	hdbscan-eom	mcs50 ms5	0.8192	1.0162985770558592	0.06252422552848923	0.6539632771419036	0.9415	0.9399	110	0.3333	2303	0
TRB	hdbscan-eom	mcs50 ms3	0.8244	1.00203143742569	0.061675048298848206	0.6503478240746621	0.9413	0.9402	110	0.32625000000000004	2450	1
TRB	hdbscan-eom	mcs50 ms2	0.8253	0.9948074299739931	0.061232909005186235	0.6506979253975379	0.9412	0.94	110	0.2885	2464	1
TRB	hdbscan-eom	mcs15 ms10	0.8264	1.0496622596024259	0.06459170509645754	0.6579084775789827	0.9387	0.9377	123	0.3143	2534	0
TRB	hdbscan-eom	mcs30 ms3	0.8317	1.0555280420736868	0.06497781173773767	0.6409286110695473	0.9422	0.9418	114	0.25145	3020	1
TRB	hdbscan-eom	mcs20 ms3	0.8326	1.1187747940279882	0.06888378421876601	0.6253868151291143	0.9433	0.942	125	0.2444	3509	1
TRB	hdbscan-eom	mcs30 ms2	0.8336	1.0546089264484342	0.06492592049288544	0.6396970286400324	0.9424	0.9416	115	0.2472	3104	1
TRB	hdbscan-leaf	mcs3 ms2	0.3452	1.430665052334948	0.0822463631921212	0.12801883487664628	0.9342	0.9292	143	0.4167	5207	0
TRB	hdbscan-leaf	mcs3 ms3	0.3478	1.5379737391266433	0.08835978835978836	0.1345770955765854	0.9337	0.9288	147	0.4545	4892	0
TRB	hdbscan-leaf	mcs5 ms5	0.461	1.4699787909022506	0.08702699681404057	0.21143974333306687	0.9357	0.9321	146	0.29635	4852	0
TRB	hdbscan-leaf	mcs10 ms10	0.464	1.3880657712381235	0.08285217215904794	0.2475162797470727	0.9228	0.9191	116	0.26555	3221	0
TRB	hdbscan-leaf	mcs15 ms10	0.4991	1.3216638373020795	0.07944021403580984	0.277065540380236	0.9223	0.9192	116	0.27705	3139	0
TRB	hdbscan-leaf	mcs5 ms3	0.518	1.4677463133979711	0.08751055500115146	0.22441482974021174	0.9392	0.9355	157	0.3793	6287	0
TRB	hdbscan-leaf	mcs8 ms5	0.5205	1.3587034587237918	0.08144128706744728	0.2573969128887213	0.9328	0.9296	139	0.2642	4417	0
TRB	hdbscan-leaf	mcs20 ms10	0.5264	1.3138959971973823	0.07937581934283418	0.30524664060935985	0.9249	0.9208	109	0.2734	3002	0
TRB	hdbscan-leaf	mcs10 ms5	0.5462	1.295825685549138	0.07805267004806309	0.2798018823597746	0.9316	0.9291	133	0.2687	4240	0
TRB	hdbscan-leaf	mcs5 ms2	0.5548	1.4039671040465598	0.08415441001475558	0.23545624637036253	0.9403	0.9372	161	0.3784	7152	0
TRB	hdbscan-leaf	mcs30 ms10	0.5646	1.2002952918248566	0.07293165295121905	0.35035847966690736	0.9231	0.9195	105	0.25	2709	0
TRB	hdbscan-leaf	mcs8 ms3	0.5692	1.3406868471941422	0.0807548339941084	0.2742438225198307	0.9369	0.9344	152	0.2899	5176	0
TRB	hdbscan-leaf	mcs15 ms5	0.5841	1.2703371324074157	0.07695108629688069	0.3134405665719953	0.93	0.9269	123	0.2288	3931	0
TRB	hdbscan-leaf	mcs10 ms3	0.5912	1.2904437511734512	0.07803822874851807	0.2963611118081589	0.9346	0.9322	145	0.25	4819	0
TRB	hdbscan-leaf	mcs8 ms2	0.5939	1.306706787916252	0.0789495904753863	0.2845002864936353	0.9373	0.9346	154	0.2745	5545	0
TRB	hdbscan-leaf	mcs50 ms10	0.5944	1.1491811419215194	0.07006873717925649	0.40114680208961545	0.9205	0.9173	103	0.3333	2295	0
TRB	hdbscan-leaf	mcs20 ms5	0.6057	1.2198007867540455	0.07410683382686613	0.3388567851175926	0.9314	0.9287	116	0.23565	3692	0
TRB	hdbscan-leaf	mcs10 ms2	0.6141	1.2691948522805085	0.07692615890059698	0.30558831673801834	0.9362	0.9331	149	0.2542	5094	0
TRB	hdbscan-leaf	mcs30 ms5	0.6145	1.1590763657245078	0.07056163952044768	0.3693973772613464	0.9292	0.9283	114	0.25	3159	0
TRB	hdbscan-leaf	mcs15 ms3	0.627	1.2218797526342386	0.07430901676483916	0.3331355319205841	0.9326	0.9297	130	0.21484999999999999	4349	0
TRB	hdbscan-leaf	mcs20 ms3	0.6456	1.1932929862377715	0.0727299095408154	0.3564011074919543	0.933	0.9299	123	0.2346	4003	0
TRB	hdbscan-leaf	mcs50 ms5	0.6469	1.108192925649828	0.06768995428233698	0.41293771911247584	0.9276	0.9248	107	0.25	2592	0
TRB	hdbscan-leaf	mcs15 ms2	0.6483	1.2130086835842588	0.0739093179705019	0.3435422676578684	0.9346	0.9319	132	0.21945	4514	0
TRB	hdbscan-leaf	mcs30 ms3	0.6524	1.114104028045773	0.06799936482170899	0.3848891877683056	0.932	0.9305	111	0.2437	3375	0
TRB	hdbscan-leaf	mcs20 ms2	0.658	1.1905514834011632	0.07265456347099834	0.3634395748632722	0.9347	0.931	123	0.2245	4110	0
TRB	hdbscan-leaf	mcs30 ms2	0.6694	1.097572004358319	0.06709341731420942	0.39373295214738496	0.9333	0.9318	113	0.2389	3480	0
TRB	hdbscan-leaf	mcs50 ms3	0.6722	1.0716058011132983	0.06558744993324434	0.43299797093852394	0.9305	0.9288	106	0.25	2734	0
TRB	hdbscan-leaf	mcs50 ms2	0.6833	1.0635044184695495	0.06513252178496713	0.4406752957327329	0.9318	0.9299	106	0.25	2762	0
TRB	hybrid	mcs3 M1	0.2334	4.331479799826579	0.19341383095499454	0.09049171851343352	0.9818	0.9796	84	0.7639	3817	0
TRB	hybrid	mcs3 M10	0.2368	4.353813358261421	0.19260089686098658	0.09651372541954964	0.9821	0.9793	74	0.542	3782	0
TRB	hybrid	mcs3 M5	0.2458	4.2468491452477375	0.19089828126689004	0.09902665012370172	0.9823	0.9799	84	0.7778	3819	0
TRB	hybrid	mcs50 M1	0.2731	3.743275068662644	0.1794098839864803	0.24519553516027162	0.9828	0.9787	58	0.9346	476	0
TRB	hybrid	mcs50 M5	0.2731	3.741902061546128	0.1793607305936073	0.249733539227139	0.9828	0.9787	58	0.9346	443	0
TRB	hybrid	mcs50 M10	0.2731	3.7480037884069133	0.17962539972590225	0.2515645612660565	0.9831	0.9793	58	1.0	435	0
TRB	hybrid	mcs20 M1	0.2814	3.848161821431118	0.18541498066720616	0.20412716795255487	0.9808	0.9765	69	0.6667	962	0
TRB	hybrid	mcs20 M5	0.2819	3.85581802673613	0.18600483827614014	0.20906584911403095	0.9805	0.9761	69	0.65	896	0
TRB	hybrid	mcs20 M10	0.282	3.8790306717489385	0.1871135406398423	0.21062169269611603	0.9806	0.9759	69	0.65	875	0
TRB	hybrid	mcs5 M1	0.2844	4.0836042974395514	0.19414570279622184	0.1334782347041932	0.9814	0.9784	82	0.5278499999999999	3184	0
TRB	hybrid	mcs5 M5	0.2845	4.0774636871646	0.19378393559258567	0.13893600307845327	0.9815	0.9783	83	0.5294	2887	0
TRB	hybrid	mcs5 M10	0.2847	4.088960936141675	0.19428571428571428	0.13884588675021775	0.9816	0.9784	82	0.5266	2901	0
TRB	hybrid	mcs10 M5	0.2867	3.9732497950019883	0.1908306854289605	0.17562081764470167	0.9806	0.9771	76	0.5	1554	0
TRB	hybrid	mcs10 M1	0.287	3.9619727160984795	0.19024257290814936	0.17099395883982643	0.9808	0.9775	74	0.5	1680	0
TRB	hybrid	mcs10 M10	0.2872	3.9737318100201855	0.19084801162157256	0.17702572749146026	0.9807	0.9772	74	0.5	1529	0
TRB	hybrid-len-all	mcs3 M1	0.8486	1.0169112899127355	0.06282905340066618	0.30660278372974653	0.9395	0.9395	177	0.1522	14125	0
TRB	hybrid-len-all	mcs3 M5	0.8756	1.0022376851528454	0.06199021207177814	0.3256653546392779	0.9408	0.9409	176	0.1667	13894	0
TRB	hybrid-len-all	mcs8 M1	0.9535	1.0072155446469095	0.06248499111473993	0.4695130356470545	0.9423	0.9437	148	0.25915	6383	1
TRB	hybrid-len-all	mcs8 M5	0.9535	1.0072155446469095	0.06248499111473993	0.48103926552439086	0.9422	0.9438	148	0.2825	5833	1
TRB	hybrid-len-all	mcs5 M1	0.9737	1.0089295003139909	0.06265307550558652	0.41209720172194675	0.9443	0.9476	168	0.22475	10690	0
TRB	hybrid-len-all	mcs5 M5	0.9738	1.0089295003139909	0.06265307550558652	0.42472144674184126	0.9437	0.9464	168	0.22749999999999998	9788	0
TRB	hybrid-len-enriched	mcs3 M1	0.2533	3.8615556444430936	0.18322046651617757	0.09598348936742244	0.9781	0.975	91	0.5833	4025	0
TRB	hybrid-len-enriched	mcs3 M5	0.263	3.789773712016779	0.18049869743208038	0.1043890546877416	0.9799	0.9775	88	0.5	4017	0
TRB	hybrid-len-enriched	mcs8 M1	0.2922	3.788975253148901	0.18488412314078173	0.16480485408579015	0.9801	0.9753	73	0.6667	1952	0
TRB	hybrid-len-enriched	mcs8 M5	0.2922	3.788975253148901	0.18488412314078173	0.17101540813292376	0.9801	0.9745	73	0.6667	1747	0
TRB	hybrid-len-enriched	mcs5 M1	0.2951	3.7812328049834965	0.18592880040492663	0.13989250626960048	0.9794	0.9758	78	0.51	3180	0
TRB	hybrid-len-enriched	mcs5 M5	0.2951	3.7812328049834965	0.18592880040492663	0.14552893326934432	0.9794	0.9758	78	0.5219	2884	0
TRB	hybrid-recruited	mcs3 M10	0.2828	3.163798656508887	0.15977241273258497	0.11607305977404465	0.98	0.9753	80	0.42725	4624	0
TRB	hybrid-recruited	mcs3 M1	0.2864	3.233687295911318	0.16491332049192473	0.11101098272837973	0.9786	0.9763	102	0.5	4702	0
TRB	hybrid-recruited	mcs3 M5	0.293	3.145912047371562	0.1604737231680237	0.11951577705051145	0.98	0.9769	95	0.5	4660	0
TRB	hybrid-recruited	mcs5 M10	0.3394	3.050289856185262	0.16118756371049947	0.1662016909631101	0.9795	0.9765	94	0.51315	3553	0
TRB	hybrid-recruited	mcs50 M1	0.3401	2.7932557955646784	0.14876641708604393	0.28696629218780684	0.9773	0.9721	74	0.5	679	0
TRB	hybrid-recruited	mcs5 M5	0.3405	3.0173730591760686	0.15975247837342932	0.16655036547338117	0.9794	0.9754	99	0.5	3558	0
TRB	hybrid-recruited	mcs50 M10	0.3405	2.8044347369700375	0.14942739910588523	0.2944922859184571	0.9771	0.9707	75	0.5	616	0
TRB	hybrid-recruited	mcs50 M5	0.3407	2.7944783682078262	0.14894527667380003	0.29303228294489775	0.9776	0.9724	74	0.5	634	0
TRB	hybrid-recruited	mcs5 M1	0.3409	3.033564122583235	0.16068052930056712	0.1608291265707009	0.9793	0.9768	96	0.5	3875	0
TRB	hybrid-recruited	mcs20 M10	0.344	2.869265705700898	0.15314549429196014	0.24809684318710612	0.9776	0.9722	85	0.5	1180	0
TRB	hybrid-recruited	mcs20 M1	0.3442	2.864038213889025	0.1529133571818347	0.24145278143325594	0.978	0.9729	85	0.5	1283	0
TRB	hybrid-recruited	mcs20 M5	0.3444	2.8559393720678456	0.1525331396404576	0.24649378587792112	0.9778	0.9725	85	0.5	1207	0
TRB	hybrid-recruited	mcs10 M10	0.346	2.971038037896212	0.15829453565302623	0.20992043492994186	0.9781	0.974	93	0.5	1972	0
TRB	hybrid-recruited	mcs10 M1	0.3468	2.9621908653822175	0.15792366412213737	0.2038801522068633	0.9783	0.9738	92	0.52555	2137	0
TRB	hybrid-recruited	mcs10 M5	0.3469	2.9565223398159333	0.15763125763125765	0.20934820579230118	0.978	0.9746	93	0.5294	1988	0
TRB	legacy	--	0.3218	2.8551781168563557	0.14891891891891892	0.443298188339557	0.979	0.9756	103	0.7692	690	1
TRB	lumbermark	mcs3 M1	0.5861	1.352192021479921	0.08126317719314329	0.2208205922928228	0.945	0.9418	158	0.3529	9897	0
TRB	lumbermark	mcs3 M10	0.6039	1.2926027510791542	0.07775417024546812	0.23415316953660023	0.9457	0.9427	162	0.37170000000000003	9709	0
TRB	lumbermark	mcs3 M5	0.6134	1.3187814270767857	0.07945646659166612	0.2374061546403131	0.9456	0.9423	162	0.3529	9871	0
TRB	lumbermark	mcs5 M10	0.7446	1.2689089831670661	0.0774909681135138	0.3255574192871211	0.9456	0.9439	176	0.2759	8734	0
TRB	lumbermark	mcs5 M1	0.7449	1.2637180906533365	0.077179160929357	0.31662040291541743	0.9465	0.9453	173	0.2917	9245	0
TRB	lumbermark	mcs5 M5	0.7502	1.258156299392047	0.07686581375621072	0.32657249689991635	0.946	0.9446	176	0.29969999999999997	8744	0
TRB	lumbermark	mcs10 M1	0.8345	1.147889953748837	0.07064494189313067	0.4047273534142913	0.9445	0.9445	175	0.2241	7121	0
TRB	lumbermark	mcs10 M10	0.8428	1.1324788044427532	0.06975361457139957	0.4147974900211376	0.944	0.9442	175	0.2162	7037	0
TRB	lumbermark	mcs10 M5	0.844	1.1406105533033841	0.07025183249872996	0.4147251389342108	0.9441	0.9438	175	0.2286	6981	0
TRB	lumbermark	mcs20 M1	0.9014	1.060498686539781	0.0655785064278492	0.480040587819552	0.9439	0.9446	156	0.21389999999999998	5902	1
TRB	lumbermark	mcs20 M5	0.9071	1.0674556431655196	0.06603295145706818	0.4887671580162788	0.9431	0.9439	156	0.22715000000000002	5712	1
TRB	lumbermark	mcs20 M10	0.9078	1.0694793523855375	0.06616205548991859	0.4889788562759018	0.9434	0.9441	156	0.2202	5752	1
TRB	lumbermark	mcs50 M1	0.9239	1.013058921717112	0.06274094791745409	0.5582903511072179	0.9418	0.9432	124	0.241	3789	1
TRB	lumbermark	mcs50 M5	0.9273	1.0124824015908882	0.06271698396981963	0.5657782517507952	0.9411	0.9433	124	0.24445	3624	1
TRB	lumbermark	mcs50 M10	0.9277	1.0088216981327986	0.06249374311742917	0.5680612223055671	0.9405	0.9427	124	0.25	3622	1
TRB	shipped-tcremp	--	0.3745	3.5859487768492	0.18880393935467152	0.49471003666135227	0.9829	0.9814	105	0.6667	772	1
TRB	shipped-tcrnet	--	0.3337	3.194342330628794	0.16691245475264782	0.4427594789601733	0.979	0.9761	109	0.7059	657	0
TRB	trivial	--	0.9981	1.0	0.0621774446887762	0.8632180710361196	0.9343	0.9455	178	0.2812	1644	0
