gene	algo	config	retention	lift	lift_all	f1	obj_precision	recall	q	h	p	purity	precision	epitopes	perc_med	ret_med	cids	raw_clusters	admissible	admissible_legacy_bar
TRA	dbscan	coef 0.4	0.017	11.4053236937233	11.399152625874471	0.12199630314232904	0.35294117647058826	0.07374301675977654	0.0036158281446075666	0.9978888320548513	0.001811195485724948	0.9204	0.8874	31	1.0	0.0	47	1439	false	false
TRA	dbscan	coef 0.6	0.0617	6.385059636309961	6.381604878050345	0.194845652789578	0.19758759333716255	0.19217877094972066	0.01972098034226565	0.9931886245334899	0.009959367913991324	0.9258	0.905	54	0.51315	0.0	175	2569	false	false
TRA	dbscan	coef 0.9	0.1184	3.690763590410182	3.6887666323981145	0.17164282738508538	0.11421179079652559	0.3452513966480447	0.06476737691580095	0.9848262298830343	0.03348475569558307	0.9181	0.9034	84	0.7321500000000001	0.0315	467	4467	false	false
TRA	dbscan	coef 1.15	0.1566	2.832212804212419	2.8306803814731385	0.14435022677972786	0.08764367816091954	0.40893854748603353	0.09890550939706397	0.9789314764949519	0.052083879962536495	0.9152	0.9023	95	0.5455	0.045649999999999996	721	5626	false	false
TRA	dbscan	coef 1.3	0.1785	2.5568959359415855	2.555512478643326	0.13449605903068926	0.07912391475927387	0.4480446927374302	0.11904889860596113	0.9748962738068828	0.0633951824520409	0.9118	0.8978	97	0.5	0.05075	878	6116	false	false
TRA	dbscan	coef 1.55	0.2159	2.1512212080298165	2.15005724877806	0.11716602989476506	0.06657018813314038	0.488268156424581	0.1472846642494373	0.9694495278777095	0.07969630568786779	0.9107	0.8942	103	0.5	0.06875	1193	6823	false	false
TRA	dbscan	coef 1.8	0.2509	1.8536957981303774	1.8526928206745386	0.10315089341074349	0.05736317472258792	0.5111731843575419	0.17285052681472557	0.9639215899618716	0.0949373516395271	0.9105	0.8932	104	0.48335	0.08505	1488	7259	false	true
TRA	dbscan	coef 2.1	0.2824	1.6547299533026831	1.6538346301108529	0.09340929181809252	0.051206116734869696	0.5312849162011173	0.19564908791409463	0.9591494608445692	0.10893491730487181	0.9105	0.8996	106	0.4641	0.0941	1768	7408	false	true
TRA	dbscan	coef 2.5	0.3305	1.43152612884058	1.4307515743337835	0.08205847181559522	0.044299007167980055	0.5558659217877095	0.22874995475542242	0.9519472272840968	0.12999349321513787	0.9103	0.8982	109	0.4118	0.1011	2108	6860	false	true
TRA	hdbscan-eom	mcs3 ms2	0.3244	1.3888355922970042	1.3880841363189813	0.07889057262249162	0.04297793565817781	0.4798882681564246	0.1700261762577065	0.9558567096513046	0.09331219599918383	0.9061	0.9032	114	0.355	0.3149	2567	8087	false	true
TRA	hdbscan-eom	mcs3 ms3	0.3434	1.3747892160554651	1.374045360137129	0.07852929779997418	0.04254326631524934	0.5094972067039106	0.1899283105421643	0.952933586101848	0.10547524163649957	0.9046	0.9011	115	0.3684	0.3413	2546	6606	false	true
TRA	hdbscan-eom	mcs5 ms2	0.4366	1.2573029906915245	1.2566227029355213	0.07338632750397456	0.038907619689817936	0.6446927374301676	0.2615733965478549	0.9396251961491451	0.15193450527165298	0.9017	0.8978	116	0.306	0.4728	3236	4085	false	true
TRA	hdbscan-eom	mcs5 ms5	0.4466	1.1768787051134764	1.1762419324506281	0.0688144170832562	0.03641886595244317	0.6229050279329609	0.3137739937762808	0.9282382957792765	0.18879662072356118	0.8651	0.8683	115	0.3333	0.39139999999999997	2725	2535	false	false
TRA	hdbscan-eom	mcs5 ms3	0.4549	1.1624056922758192	1.1617767505125227	0.06806692344727973	0.03597099421156415	0.6318435754189944	0.30793250718057774	0.9282446602831984	0.18458264046058825	0.8656	0.87	115	0.3182	0.46445000000000003	3064	3465	false	false
TRA	hdbscan-eom	mcs8 ms5	0.4685	1.154248468424672	1.1536239402828734	0.06780046641260452	0.035718566462903036	0.6659217877094972	0.34219339099406276	0.9265265873806268	0.20984824547476877	0.87	0.8698	115	0.3333	0.34435	2654	1613	false	true
TRA	hdbscan-eom	mcs10 ms5	0.4848	1.1283664298340128	1.127755905662684	0.06643451765602046	0.03491763898421414	0.6821229050279329	0.3612805802094414	0.9245409027254793	0.22450490569383696	0.8719	0.8707	116	0.29355	0.33345	2608	1290	false	true
TRA	hdbscan-eom	mcs8 ms3	0.4906	1.125790838804946	1.1251817082062523	0.06629024377002007	0.034837936544167995	0.6821229050279329	0.3485737383031949	0.9261953568323089	0.21468528632116768	0.8751	0.8756	116	0.31174999999999997	0.447	2973	2023	false	true
TRA	hdbscan-eom	mcs15 ms5	0.4909	1.125942155591435	1.1253329431199086	0.06635324286782776	0.034842619087695675	0.693854748603352	0.37382208210286816	0.9232440312159164	0.23435660947439296	0.8711	0.8693	113	0.2581	0.15894999999999998	2448	934	false	true
TRA	hdbscan-eom	mcs8 ms2	0.4952	1.1222034573579491	1.1215962677803875	0.06611525860679951	0.03472692394493342	0.6877094972067039	0.3465800790797327	0.9258882893296534	0.21319105952246153	0.8749	0.8761	116	0.2952	0.46875	3100	2212	false	true
TRA	hdbscan-eom	mcs10 ms3	0.5008	1.1319949192163374	1.1313824317816443	0.06677831274858699	0.03502992368088728	0.7128491620111732	0.36145535422537933	0.9249586584594001	0.22461525246657343	0.8758	0.8748	116	0.306	0.45389999999999997	2952	1576	false	true
TRA	hdbscan-eom	mcs50 ms10	0.5063	0.8876210356127207	0.8871407713272074	0.05250679180044455	0.027467700258397933	0.593854748603352	0.6341067470841137	0.8982606508202651	0.4900086093146493	0.8814	0.8626	109	0.2857	0.0741	496	100	false	true
TRA	hdbscan-eom	mcs10 ms2	0.5116	1.1334960291534053	1.1328827295145592	0.06692539001259348	0.03507637597995636	0.7273743016759776	0.3654812141515677	0.9249332374205922	0.2277344915595354	0.8782	0.8777	116	0.2952	0.4718	3046	1671	false	true
TRA	hdbscan-eom	mcs15 ms3	0.5157	1.0954410861057766	1.0948483768194568	0.06472672064777328	0.03389875430691757	0.7145251396648045	0.3800944892537246	0.9232862134571213	0.23930534018046012	0.876	0.8739	114	0.25	0.267	2780	1063	false	true
TRA	hdbscan-eom	mcs20 ms3	0.5209	1.082532982652422	1.0819472575415932	0.06401155695035991	0.033499309158215806	0.7178770949720671	0.3950727073731307	0.922541193042107	0.2513575268837944	0.8763	0.8729	111	0.25	0.13555	2570	797	false	true
TRA	hdbscan-eom	mcs15 ms2	0.5214	1.0990895837706791	1.098494900395132	0.06499577303694863	0.03401165816592068	0.7301675977653631	0.3825754684065797	0.922953740500081	0.24129825395099258	0.8771	0.875	114	0.25	0.32694999999999996	2899	1127	false	true
TRA	hdbscan-eom	mcs30 ms10	0.5274	0.8739450950331682	0.8734722303760635	0.05178486435030937	0.027044494158588117	0.6078212290502794	0.6347660056718718	0.9009685651351687	0.4899917460890897	0.8778	0.8712	109	0.3019	0.09425	652	176	false	true
TRA	hdbscan-eom	mcs20 ms2	0.5276	1.0779157092999636	1.0773324824529193	0.06378333292446581	0.033356426243809814	0.7262569832402235	0.39787642096437753	0.9222546829060821	0.2536534189679458	0.8773	0.8741	111	0.2444	0.1412	2639	820	false	true
TRA	hdbscan-eom	mcs20 ms10	0.5292	0.8772963722368884	0.876821694307354	0.051991176679870015	0.027148200440910555	0.6122905027932961	0.634089255298579	0.9016087473198241	0.4889971860408805	0.8777	0.871	109	0.2993	0.0945	718	244	false	true
TRA	hdbscan-eom	mcs50 ms5	0.5369	0.9048476567926813	0.9043580717153201	0.05365098719692351	0.02800078323869199	0.6391061452513966	0.6333638233737366	0.8998516403535337	0.4886514571894143	0.892	0.8819	110	0.25	0.08280000000000001	699	139	false	true
TRA	hdbscan-eom	mcs30 ms3	0.5431	1.009548742316995	1.0090025067209842	0.059850374064837904	0.031240789861479518	0.7106145251396648	0.5362699320501205	0.9139187313968005	0.3794669069323603	0.8813	0.8744	111	0.25	0.1005	1609	412	false	true
TRA	hdbscan-eom	mcs15 ms10	0.5438	0.8633033350781125	0.862836228348137	0.051234964649710765	0.026715181691961506	0.623463687150838	0.6406735783814067	0.9014876712748828	0.4969099678134371	0.879	0.8746	112	0.29864999999999997	0.1111	793	326	false	true
TRA	hdbscan-eom	mcs20 ms5	0.5454	1.0086398617034766	1.0080941178746514	0.059762665014535574	0.031212664277180405	0.7005586592178771	0.5344439782923073	0.9130742083689279	0.37778534924292584	0.8825	0.8788	111	0.2558	0.11765	1630	512	false	true
TRA	hdbscan-eom	mcs10 ms10	0.5481	0.8482977945875877	0.847838806891404	0.05036200537316151	0.02625083072249122	0.617877094972067	0.6400894125550227	0.9012637017430206	0.49627537804731736	0.8799	0.8792	113	0.3134	0.20715	883	447	false	true
TRA	hdbscan-eom	mcs50 ms3	0.5526	0.9153700972136727	0.9148748187692912	0.05435423183281201	0.028326403326403328	0.6698324022346369	0.6402617366870695	0.9008282588883855	0.4966148245917765	0.8898	0.8822	111	0.25	0.0911	763	151	false	true
TRA	hdbscan-eom	mcs30 ms2	0.5567	1.0005226071051558	0.9999812552717019	0.059355018070614406	0.030961473389084934	0.7156424581005587	0.5397531329265335	0.9135325071443601	0.3830323015737551	0.8835	0.8766	111	0.25	0.1005	1654	421	false	true
TRA	hdbscan-eom	mcs50 ms2	0.5609	0.9202239097017512	0.9197260050095757	0.05468158117563172	0.02847660601559599	0.6854748603351956	0.6446797457966962	0.9010020020647594	0.5018971454812283	0.8919	0.8844	111	0.25	0.09195	797	158	false	true
TRA	hdbscan-eom	mcs30 ms5	0.5623	0.9214944453854702	0.920995853245738	0.05476470718870061	0.028515923124956637	0.6888268156424581	0.6488944670339201	0.9011666228284076	0.5069727550925172	0.8833	0.8756	111	0.2857	0.099	824	220	false	true
TRA	hdbscan-leaf	mcs3 ms2	0.2383	1.2849573248980626	1.2842620742372541	0.07115554248750368	0.039763391390075585	0.33798882681564246	0.11554851497808899	0.9634091037495578	0.06145992047141857	0.8888	0.882	109	0.3636	0.1637	2327	9014	false	false
TRA	hdbscan-leaf	mcs3 ms3	0.2487	1.3396442967258326	1.3389194566362048	0.07447413303013076	0.041455696202531644	0.3659217877094972	0.12298588840681166	0.9613636871952667	0.06569508347313135	0.8872	0.8812	110	0.3333	0.17575	2296	7503	false	false
TRA	hdbscan-leaf	mcs5 ms5	0.3344	1.3965667186306319	1.3958110795792975	0.07992596331818946	0.04321717769083796	0.5307262569832403	0.1876381115859041	0.9516700771993962	0.10407959638827613	0.9002	0.8968	114	0.37715	0.2781	2619	3119	false	true
TRA	hdbscan-leaf	mcs5 ms3	0.3441	1.337328959479819	1.3366053721475546	0.07686174453835114	0.04138404739417876	0.5385474860335195	0.18651764609009205	0.9504668883447385	0.10340479393334667	0.8973	0.8928	115	0.3421	0.30215000000000003	3015	4253	false	true
TRA	hdbscan-leaf	mcs10 ms10	0.3486	1.3427703600461018	1.3420438285403102	0.07718628153099387	0.04155243317340644	0.5418994413407822	0.2363661143150831	0.9458717257328024	0.13505804352547768	0.8884	0.8823	109	0.3333	0.1253	1967	1034	false	true
TRA	hdbscan-leaf	mcs5 ms2	0.3523	1.3636817283177738	1.3629438823174636	0.07854235316921884	0.04219954176213289	0.5659217877094972	0.18777663025687716	0.9494958659691612	0.10419095412337886	0.8982	0.8946	115	0.3333	0.3316	3199	4770	false	true
TRA	hdbscan-leaf	mcs15 ms10	0.357	1.352067688522442	1.3513361265198072	0.07793005489654113	0.04184014180304217	0.5670391061452514	0.25017897308118386	0.9442056656304538	0.14419224637177375	0.8883	0.8811	108	0.32120000000000004	0.07985	1893	783	false	true
TRA	hdbscan-leaf	mcs50 ms10	0.3593	1.2343567511497824	1.2336888788941973	0.07143634187910215	0.03819754139682786	0.5502793296089385	0.312980671184797	0.9352411775227821	0.18793713964736058	0.8775	0.8642	105	0.2546	0.0597	1127	246	false	true
TRA	hdbscan-leaf	mcs20 ms10	0.3624	1.359504966480894	1.3587693803972136	0.0785148662782011	0.04207029060923865	0.5871508379888268	0.2638753637504978	0.9423260076648835	0.15341818862076828	0.8887	0.8788	104	0.25	0.07105	1772	593	false	true
TRA	hdbscan-leaf	mcs30 ms10	0.3721	1.2876174181001276	1.2869207281451724	0.07454447050333753	0.039845708775313404	0.5770949720670391	0.28767421231744794	0.9378246135100223	0.1698943336548263	0.8825	0.8724	102	0.26435	0.0741	1529	413	false	false
TRA	hdbscan-leaf	mcs8 ms5	0.3761	1.293916203517901	1.293216105484997	0.07484756654131221	0.040040626586976054	0.5726256983240223	0.22914298482817172	0.9462231551292194	0.13035529645427235	0.8994	0.8945	113	0.3333	0.25429999999999997	2661	1983	false	true
TRA	hdbscan-leaf	mcs8 ms3	0.3927	1.2883287129078709	1.287631638093298	0.07481468712290985	0.03986772000734889	0.6061452513966481	0.23344358377799582	0.9441053401469754	0.13318812933366098	0.8991	0.8945	114	0.317	0.3215	2992	2522	false	true
TRA	hdbscan-leaf	mcs8 ms2	0.4002	1.2771618297423142	1.276470796982796	0.07428821136844936	0.03952215744482993	0.61731843575419	0.23639346180198614	0.9435540025941069	0.13512330036953746	0.9001	0.8956	115	0.3182	0.34165	3121	2728	false	true
TRA	hdbscan-leaf	mcs10 ms5	0.4016	1.2646881074546281	1.264003823840389	0.07346686788311153	0.039136154352115766	0.5983240223463687	0.2491761796629434	0.9434883208086766	0.1435430144250721	0.8999	0.8949	115	0.3333	0.2361	2669	1601	false	true
TRA	hdbscan-leaf	mcs10 ms2	0.4169	1.2284184860587382	1.227753826814705	0.07167311938053947	0.03801377999524828	0.6256983240223464	0.2534927701324752	0.9419060709593468	0.1464537459740064	0.899	0.8948	114	0.3191	0.36450000000000005	3114	2137	false	true
TRA	hdbscan-leaf	mcs10 ms3	0.4197	1.2129045761245107	1.2122483109772497	0.07069392006249187	0.037533697380244695	0.6067039106145251	0.2516603178994594	0.9418614008703421	0.1452328828749181	0.8986	0.8941	114	0.3084	0.3503	3010	1990	false	true
TRA	hdbscan-leaf	mcs50 ms5	0.4304	1.142693578576883	1.1420753024285524	0.06687723987122639	0.03536099691675231	0.6150837988826816	0.34667987063474376	0.9305537959661111	0.2130205787093038	0.8869	0.8767	108	0.24125000000000002	0.0704	1542	324	false	true
TRA	hdbscan-leaf	mcs15 ms5	0.4343	1.248112800429783	1.2474374852014496	0.07295737949004281	0.03862322648449816	0.6569832402234637	0.286790749714349	0.9377140665033225	0.16928200417445316	0.8945	0.8897	110	0.28164999999999996	0.1531	2626	1093	false	true
TRA	hdbscan-leaf	mcs30 ms5	0.4397	1.189562358626589	1.1889187232311695	0.06968474525623787	0.03681136543014996	0.6513966480446928	0.3230443364025169	0.9339434995470793	0.1952983079344517	0.8916	0.8866	109	0.268	0.0822	2091	551	false	true
TRA	hdbscan-leaf	mcs20 ms5	0.4431	1.2147059643911378	1.2140487245684084	0.07112983300737175	0.03758944188265225	0.6603351955307263	0.3064662310926733	0.9357466730347859	0.18323948089980024	0.8935	0.8884	109	0.25	0.1101	2470	832	false	true
TRA	hdbscan-leaf	mcs15 ms3	0.4558	1.1650618612719907	1.164431482337814	0.06829066398628274	0.036053190161068796	0.6452513966480447	0.28976864419232845	0.9367396802499584	0.17139354069665025	0.8978	0.8919	113	0.25	0.25834999999999997	2952	1272	false	true
TRA	hdbscan-leaf	mcs50 ms3	0.4558	1.088966598108936	1.0883773919677955	0.06395249243419174	0.03369839932603201	0.6256983240223464	0.359667124995693	0.9288501195040623	0.22301032527853692	0.8867	0.8778	110	0.25	0.0804	1733	359	false	true
TRA	hdbscan-leaf	mcs15 ms2	0.465	1.144209939219427	1.1435908426152583	0.06715901223171013	0.03540792115349516	0.6502793296089385	0.2943060687201373	0.9366811013329656	0.1745795647485303	0.8998	0.8947	113	0.3063	0.29175	3069	1342	false	true
TRA	hdbscan-leaf	mcs50 ms2	0.4659	1.0748670745038715	1.0742854971788118	0.06321119550399243	0.03326208532193365	0.6346368715083799	0.3670180741460863	0.9286133424551646	0.2287048122742148	0.8887	0.8822	111	0.25	0.0769	1787	368	false	true
TRA	hdbscan-leaf	mcs30 ms3	0.467	1.1691736514842794	1.168541047787609	0.06873583163079679	0.036180430747473555	0.6860335195530727	0.3358492786860041	0.9315006266747948	0.20485440791392528	0.891	0.8856	109	0.25	0.0909	2367	628	false	true
TRA	hdbscan-leaf	mcs20 ms3	0.47	1.16006821073844	1.1594405337140978	0.06815670944165887	0.03589866014144609	0.6720670391061453	0.3137683887131936	0.9343129652145596	0.18854323678148177	0.8981	0.893	109	0.25	0.127	2786	947	false	true
TRA	hdbscan-leaf	mcs20 ms2	0.4776	1.1478396301758877	1.1472185696582202	0.06751054852320676	0.035520243033241805	0.6793296089385474	0.3173299177235035	0.9336444062856276	0.19114913538318679	0.8979	0.8933	110	0.24659999999999999	0.1282	2870	980	false	true
TRA	hdbscan-leaf	mcs30 ms2	0.4779	1.1635897538642104	1.162960171441815	0.06847054941428807	0.036007635354002775	0.6955307262569832	0.33881732650864116	0.9315121896451144	0.20706666402690754	0.8943	0.8898	110	0.25	0.0909	2461	650	false	true
TRA	hybrid	mcs3 M10	0.1159	3.347498916863986	3.3456876887485385	0.1554346309473978	0.10358936209782406	0.3111731843575419	0.042966070852910175	0.9840198146930116	0.021962519245749768	0.8963	0.8851	76	0.43075	0.024	821	1631	false	false
TRA	hybrid	mcs3 M1	0.1211	3.519876652978574	3.51797215660229	0.16387543252595155	0.10892364305427783	0.3307262569832402	0.042037852074856344	0.9845634153364843	0.021477436523112403	0.9036	0.8906	80	0.5	0.0333	856	1720	false	false
TRA	hybrid	mcs3 M5	0.1255	3.618467525342921	3.616509684495321	0.1701556629092861	0.11197456729071	0.3541899441340782	0.04518262453453986	0.9838330654947279	0.02312225819033631	0.904	0.8928	86	0.5	0.0333	855	1620	false	false
TRA	hybrid	mcs5 M5	0.1499	3.161163800804433	3.159453392856366	0.15771230502599654	0.09782316581564096	0.40670391061452515	0.06777790922020246	0.9788032752465162	0.03510436771103931	0.9007	0.8913	84	0.5	0.03975	844	913	false	false
TRA	hybrid	mcs5 M1	0.1499	3.1779571679422793	3.1762376736227242	0.1582167832167832	0.09834284161912524	0.4044692737430168	0.06587911977197859	0.9790845332900916	0.03408633404426542	0.9016	0.8944	84	0.4853	0.0404	873	970	false	false
TRA	hybrid	mcs5 M10	0.1515	3.122940771355012	3.1212510447058235	0.15592268653493144	0.09664034265827867	0.4033519553072626	0.0680176228453842	0.9784682238769649	0.03523342651904515	0.8978	0.8867	81	0.4348	0.0339	857	898	false	false
TRA	hybrid	mcs50 M1	0.1608	2.579649380645178	2.578253612161824	0.1321662177760677	0.07982802695793632	0.38379888268156426	0.12479404520873097	0.9670653587069408	0.06670068647157112	0.8626	0.828	85	0.3333	0.025	317	84	false	false
TRA	hybrid	mcs50 M10	0.1609	2.5703474689078774	2.5689567334012273	0.1317054412612959	0.0795401764979099	0.38268156424581007	0.12682223834834194	0.9669602910089388	0.06786131420534547	0.8625	0.8249	84	0.3333	0.025	307	78	false	false
TRA	hybrid	mcs10 M1	0.1616	2.9226751000820292	2.9210937309927316	0.1484523690273465	0.09044306114976199	0.41396648044692735	0.08631698772731639	0.9740410121067055	0.04515945054301984	0.8873	0.8693	84	0.36429999999999996	0.028499999999999998	685	458	false	false
TRA	hybrid	mcs50 M5	0.1616	2.5807314470659914	2.579335093109969	0.13237685318029652	0.07986151182919793	0.3865921787709497	0.12976366274496057	0.9665370502430474	0.0695506359822069	0.86	0.824	85	0.3333	0.025	291	71	false	false
TRA	hybrid	mcs10 M10	0.162	2.863312273573726	2.8617630238735767	0.1456175298804781	0.0886060606060606	0.4083798882681564	0.08956516605598464	0.9736148456793569	0.04694172394428042	0.8884	0.8683	83	0.3333	0.03175	652	426	false	false
TRA	hybrid	mcs10 M5	0.1623	2.9217128243808603	2.9201319759491784	0.14859077781097502	0.09041328323839534	0.41675977653631285	0.08885371594464214	0.9734751765400762	0.04655133919665133	0.8877	0.8689	84	0.33699999999999997	0.03195	654	431	false	false
TRA	hybrid	mcs20 M1	0.1662	2.740488449431506	2.73900565590328	0.14024567172840702	0.08480524037899169	0.40502793296089384	0.10523405627323099	0.9709001653778377	0.055631949719785245	0.8794	0.8579	84	0.3333	0.02565	501	213	false	false
TRA	hybrid	mcs20 M10	0.1674	2.7445481883331286	2.7430631982057636	0.14061748581321537	0.0849308702219124	0.4083798882681564	0.10802509882607234	0.9699892517110834	0.05719751633061876	0.879	0.8557	84	0.3333	0.02565	477	195	false	false
TRA	hybrid	mcs20 M5	0.1675	2.737233633485891	2.735752601037892	0.1403071017274472	0.0847045191193511	0.4083798882681564	0.10786880698926145	0.9699148657993494	0.057110147956474844	0.8777	0.8565	85	0.3333	0.02565	483	199	false	false
TRA	hybrid-len-all	mcs3 M1	0.6147	1.011638238063881	1.011090871906356	0.0603297374313047	0.03130544993662864	0.8279329608938547	0.30306915184482375	0.9331942125033342	0.18091146405293768	0.9123	0.9145	116	0.18875	0.7803	7124	9561	false	true
TRA	hybrid-len-all	mcs3 M5	0.6284	0.9931837476142333	0.9926463666106364	0.05928280520512566	0.030734370172005355	0.8335195530726257	0.317307932857244	0.9318923464821426	0.19120677512623485	0.9122	0.9144	117	0.1897	0.7889999999999999	6931	8963	false	true
TRA	hybrid-len-all	mcs8 M5	0.6797	1.035017691725805	1.0344576756691022	0.06198921142362302	0.032028934171032274	0.9597765363128492	0.4719835674529216	0.9199844724115711	0.31741388502619505	0.9124	0.9145	112	0.25	0.5064	2908	2908	false	true
TRA	hybrid-len-all	mcs8 M1	0.6797	1.035017691725805	1.0344576756691022	0.06198921142362302	0.032028934171032274	0.9597765363128492	0.46200589373556905	0.9211321684383532	0.30832522187616707	0.9129	0.915	112	0.24065	0.5064	3142	3142	false	true
TRA	hybrid-len-all	mcs5 M1	0.6964	1.0290049312497218	1.0284481685117195	0.06168683149219709	0.03184286748732802	0.9826815642458101	0.4064711330410869	0.9264880561534248	0.2603452150748018	0.9174	0.9201	117	0.2326	0.7426999999999999	5347	5354	false	true
TRA	hybrid-len-all	mcs5 M5	0.6964	1.0290049312497218	1.0284481685117195	0.06168683149219709	0.03184286748732802	0.9826815642458101	0.4163765954109869	0.925510396130175	0.26861075979985216	0.9161	0.9187	117	0.2414	0.7426999999999999	4995	5002	false	true
TRA	hybrid-len-enriched	mcs3 M1	0.1567	2.7203713428277982	2.7188994340436716	0.1374139878812776	0.08418271045677614	0.37374301675977656	0.06150557697681537	0.976359995048785	0.031752922575004616	0.8888	0.8755	93	0.3333	0.04955	1207	1663	false	false
TRA	hybrid-len-enriched	mcs3 M5	0.1621	2.8266335346832845	2.825104130714162	0.14358666266145992	0.08747102598511651	0.4005586592178771	0.06494934656473783	0.9756837461186053	0.033592775763747085	0.8905	0.8775	92	0.3333	0.04405	1190	1570	false	false
TRA	hybrid-len-enriched	mcs8 M1	0.1746	2.5976868187212045	2.5962812907380615	0.13462936046511625	0.08038620091126057	0.41396648044692735	0.10598282890145455	0.9692001877597182	0.05605631634568187	0.884	0.8603	86	0.3333	0.02665	536	536	false	false
TRA	hybrid-len-enriched	mcs8 M5	0.1746	2.5976868187212045	2.5962812907380615	0.13462936046511625	0.08038620091126057	0.41396648044692735	0.10781300922719846	0.9687614135150702	0.05708286756621794	0.884	0.8588	86	0.3333	0.02665	509	509	false	false
TRA	hybrid-len-enriched	mcs5 M1	0.179	2.66228355780934	2.6608430785288526	0.1386279028541039	0.08238516645596292	0.43687150837988825	0.08978438661461702	0.9711908330075731	0.04706785127933455	0.8907	0.8759	92	0.3333	0.046	927	927	false	false
TRA	hybrid-len-enriched	mcs5 M5	0.179	2.66228355780934	2.6608430785288526	0.1386279028541039	0.08238516645596292	0.43687150837988825	0.09214706833592022	0.9707947330999743	0.04836911315239112	0.8884	0.8695	92	0.34519999999999995	0.046	873	873	false	false
TRA	hybrid-recruited	mcs3 M10	0.1736	2.2707361509173003	2.2695075258269126	0.11881530092392713	0.07026861403329589	0.3843575418994413	0.07559232294235924	0.9759250089670958	0.03931892652181057	0.8974	0.8857	97	0.5	0.056150000000000005	1494	2818	false	false
TRA	hybrid-recruited	mcs3 M1	0.1816	2.3678879260068144	2.36660673509613	0.12440918298446997	0.07327500497116723	0.411731843575419	0.07585928528433475	0.9760781342665342	0.03946315018794144	0.9025	0.8877	97	0.375	0.054	1581	2950	false	false
TRA	hybrid-recruited	mcs3 M5	0.1823	2.3574665400423704	2.356190987821266	0.12406989382158683	0.0729525120440468	0.4145251396648045	0.07838519230946836	0.9753796946826162	0.040833357489475364	0.9025	0.8889	100	0.45555	0.0639	1541	2832	false	false
TRA	hybrid-recruited	mcs5 M1	0.2179	2.1994559653689785	2.198265907782075	0.1196372986872378	0.06806282722513089	0.49385474860335193	0.11154757250705165	0.9694247372816168	0.059178494834580375	0.9017	0.8924	101	0.4118	0.0714	1546	1671	false	false
TRA	hybrid-recruited	mcs5 M5	0.2187	2.201948619813369	2.2007572135282514	0.11982188638510323	0.06813996316758748	0.4960893854748603	0.11426660692030893	0.9686681380093993	0.06071431237012581	0.9001	0.89	101	0.4286	0.07165	1488	1574	false	false
TRA	hybrid-recruited	mcs5 M10	0.2192	2.1766251846143967	2.175447480056733	0.11846361185983827	0.06735632183908045	0.4910614525139665	0.11420344308009471	0.9685668742422068	0.060679046019398664	0.8989	0.8882	102	0.43955	0.07015	1501	1564	false	false
TRA	hybrid-recruited	mcs10 M1	0.2362	2.0202489733809887	2.0191558791540247	0.11131543459605249	0.0625172128890113	0.5072625698324023	0.14447807298919899	0.9637237937952986	0.07809272984261473	0.8977	0.8871	100	0.39445	0.057550000000000004	1260	800	false	false
TRA	hybrid-recruited	mcs50 M5	0.238	1.7813618879165145	1.7803980481019812	0.09873373402579215	0.05512478008731348	0.47262569832402235	0.20626151354066405	0.9534004575918625	0.11563967362547212	0.8776	0.8451	98	0.29425	0.038349999999999995	577	140	false	false
TRA	hybrid-recruited	mcs50 M1	0.2381	1.7714388384543762	1.7704803676949563	0.09819241982507289	0.05481770833333333	0.47039106145251397	0.206433578250233	0.9535280098740228	0.11574597290786792	0.879	0.8475	98	0.2673	0.038349999999999995	593	142	false	false
TRA	hybrid-recruited	mcs50 M10	0.2383	1.7800860068924826	1.7791228574177045	0.0986703988803359	0.055085297564787084	0.47262569832402235	0.2093233805286241	0.9528882238572246	0.11757577509325934	0.8789	0.8463	99	0.3	0.0385	551	133	false	false
TRA	hybrid-recruited	mcs10 M5	0.2383	2.012116995729379	2.0110283014639756	0.11098279948945482	0.0622655663915979	0.5100558659217878	0.14753565084853543	0.9627129765269532	0.07988934153926663	0.8962	0.8851	100	0.38380000000000003	0.06745	1235	752	false	false
TRA	hybrid-recruited	mcs10 M10	0.2397	1.9935695361808168	1.9924908773720449	0.11004409011294317	0.061691609670210604	0.5089385474860335	0.14969350832758035	0.9620118168403223	0.08116129115869142	0.8946	0.8835	100	0.38675000000000004	0.06605	1220	719	false	false
TRA	hybrid-recruited	mcs20 M1	0.2425	1.9182566835650185	1.9172187742111382	0.1062227973179626	0.05936103076518538	0.5044692737430168	0.17292406636190286	0.9589389102980218	0.09503037851806329	0.8914	0.8733	98	0.3333	0.04	957	388	false	false
TRA	hybrid-recruited	mcs20 M10	0.2432	1.9089793428903123	1.9079464532184942	0.10575063016589482	0.05907394066409064	0.5039106145251396	0.17790331758795325	0.958038826337247	0.09805592117143958	0.8908	0.8735	99	0.3333	0.040400000000000005	903	353	false	false
TRA	hybrid-recruited	mcs20 M5	0.2438	1.9094414610179162	1.908408321308274	0.10582257781930736	0.05908824104871845	0.506145251396648	0.17676608062982005	0.9581738430528413	0.09736400653197941	0.8904	0.8731	98	0.3333	0.04	934	359	false	false
TRA	legacy	--	0.2105	1.7026530816639105	1.7017318287497343	0.09321815368746776	0.052689112374289464	0.40391061452513966	0.1691339107077737	0.9624485372056317	0.09271335013613213	0.8658	0.8567	103	0.4717	0.06470000000000001	926		false	true
TRA	lumbermark	mcs3 M10	0.3076	1.3558003801523992	1.355066798505787	0.07716492993172835	0.04195565106964931	0.4798882681564246	0.1472926268491136	0.957934254927496	0.07977981273679413	0.8996	0.8954	111	0.3529	0.241	3249	9378	false	false
TRA	lumbermark	mcs3 M1	0.3103	1.3784059615822384	1.3776601487547746	0.07844195565150901	0.04265518759477572	0.4871508379888268	0.14444034455624216	0.9583807203538461	0.0781059604631259	0.9008	0.8947	115	0.3182	0.20345000000000002	3334	10010	false	false
TRA	lumbermark	mcs3 M5	0.3164	1.384693047840243	1.3839438332648841	0.07903765145264255	0.042849743372416066	0.5083798882681564	0.1523943772595083	0.9567948378203525	0.08279045123999951	0.8996	0.8956	114	0.3333	0.2178	3340	9371	false	false
TRA	lumbermark	mcs5 M1	0.4204	1.2667703243335438	1.2660849140961608	0.07396879540142758	0.03920058918050348	0.6541899441340782	0.22346908482782568	0.9449813880826144	0.12671762699844225	0.9048	0.9019	116	0.30535	0.3446	3993	5681	false	true
TRA	lumbermark	mcs5 M5	0.4309	1.2365546005933816	1.235885539149449	0.07232906966043987	0.03826555450975301	0.658659217877095	0.23067986997122197	0.9441309901034842	0.13139138790650784	0.9056	0.9037	116	0.3179	0.3809	4061	5246	false	true
TRA	lumbermark	mcs5 M10	0.4319	1.282486775908698	1.2817928619855259	0.07499614851332614	0.03968693950758193	0.6798882681564246	0.2296703338347885	0.9450782257848936	0.13071860661628654	0.9061	0.9049	116	0.28345	0.3922	4059	5205	false	true
TRA	lumbermark	mcs10 M1	0.5306	1.1753924307848616	1.1747564622990776	0.0695821185617104	0.036372872745745494	0.8	0.3040931150518656	0.9355117177932977	0.18155413083984695	0.9089	0.9095	117	0.25	0.64445	4447	2724	false	true
TRA	lumbermark	mcs10 M5	0.5421	1.1360647515095446	1.13545006201449	0.06734799604389394	0.03515586586685023	0.7988826815642458	0.3158017350937398	0.9340016195057192	0.19002644390937828	0.9092	0.9102	117	0.25	0.6667	4465	2499	false	true
TRA	lumbermark	mcs10 M10	0.5465	1.144905094226536	1.1442856214954964	0.06790324835717947	0.03542943293453944	0.8139664804469273	0.319302033100844	0.9334692160154416	0.19258956348974776	0.9094	0.9097	117	0.2571	0.67085	4494	2443	false	true
TRA	lumbermark	mcs20 M1	0.6161	1.0860956528543837	1.0855080000929132	0.06478028214691098	0.033609557060530856	0.8927374301675978	0.38571747564702785	0.9273662093607111	0.24349742319595435	0.9122	0.9136	113	0.25	0.7998000000000001	4298	1329	false	true
TRA	lumbermark	mcs20 M10	0.6267	1.0744384014098853	1.0738570560265766	0.0641313639345566	0.03324881990394327	0.9011173184357542	0.39940905078287575	0.9263616342874442	0.2545885924067749	0.913	0.9139	113	0.25	0.799	4156	1202	false	true
TRA	lumbermark	mcs20 M5	0.6271	1.0693864436335452	1.0688078317083167	0.06382639856659367	0.033092485549132945	0.8955307262569833	0.39879407460923333	0.92627184363687	0.254095835693957	0.9125	0.9144	113	0.25	0.8129500000000001	4140	1206	false	true
TRA	lumbermark	mcs50 M1	0.6525	1.0371726709624733	1.0366114889131657	0.06201609086606719	0.032095620652493384	0.9150837988826815	0.4782443008381423	0.9191007606558974	0.32321215260476666	0.9082	0.9055	111	0.2222	0.1498	2754	503	false	true
TRA	lumbermark	mcs50 M5	0.6556	1.0410608754541624	1.0404975896176785	0.06225988700564972	0.03221594231144027	0.923463687150838	0.4880664421341041	0.9179890398831931	0.3323954123587143	0.9083	0.9053	111	0.2333	0.14884999999999998	2578	459	false	true
TRA	lumbermark	mcs50 M10	0.6571	1.035252912873886	1.0346927695462962	0.06191915588682575	0.03203621316029763	0.9212290502793297	0.4917308367229466	0.9175127356065779	0.3358677192625015	0.9082	0.9048	111	0.2368	0.1632	2554	446	false	true
TRA	shipped-tcremp	--	0.2508	1.8547422955700448	1.8537387518868125	0.10320324836453869	0.057395558901016185	0.5111731843575419	0.17278050721592403	0.9639215899618723	0.09489510763341191	0.9104	0.8931	104	0.48335	0.08505	1487		false	true
TRA	shipped-tcrnet	--	0.2323	1.9770302062756908	1.9759604963867181	0.10862339291313891	0.06117979512539739	0.48379888268156424	0.1797659258300594	0.9599928779289559	0.09916793586267769	0.8754	0.8679	103	0.3958	0.0706	859		false	true
TRA	trivial	--	0.9983	1.0	1.0	0.060032867156320224	0.030945301154830233	1.0	0.7940498263607605	0.8946872158653026	0.7137633537563901	0.9204	0.9237	118	0.2488	1.0	1104	118	false	true
TRB	dbscan	coef 0.4	0.1189	9.548982750995135	0.5088816294314968	0.098698153194066	0.30639097744360905	0.058823529411764705	0.08278872020089406	0.9991378967965852	0.04318345392616618	0.992	0.9856	26	1.0	0.0	957	4987	false	false
TRB	dbscan	coef 0.6	0.2026	6.8316159798387535	0.6939802738616784	0.172753116116335	0.21920088790233075	0.14254781667268135	0.29167840608853857	0.9982572513497248	0.17079066106051954	0.9916	0.9857	33	0.5273	0.0	452	3332	false	false
TRB	dbscan	coef 0.9	0.2845	5.259457171019675	1.097506712422811	0.21754746023601845	0.16875621890547263	0.3060267051605918	0.38413522829992724	0.9962125441601686	0.23794238998768624	0.9887	0.9875	75	1.0	0.0	393	3427	false	false
TRB	dbscan	coef 1.15	0.3232	4.490188010247648	1.2723395051288067	0.21227670087419231	0.14407326196311104	0.4031035727174305	0.4436616177049264	0.9952152942812063	0.28545880848689864	0.9873	0.9859	88	0.6833499999999999	0.0	510	4185	false	false
TRB	dbscan	coef 1.3	0.3426	4.148850354099672	1.3501404394871768	0.20572553523090806	0.13312101910828025	0.45254420786719596	0.47868834637777913	0.9943524943661177	0.31521834786043745	0.9859	0.9844	94	0.65155	0.00535	578	4731	false	false
TRB	dbscan	coef 1.55	0.3747	3.584533419738035	1.4416568815747974	0.18874279422242374	0.11501420903062835	0.525802959220498	0.49472522268748426	0.9926818389483261	0.3294593280586068	0.9829	0.9814	105	0.6667	0.012750000000000001	772	5996	true	true
TRB	dbscan	coef 1.8	0.4218	2.7937619299989165	1.413517061606798	0.15528070344960865	0.08964132314386121	0.5799350415012631	0.5122780409774309	0.9896302755607211	0.34558411934061395	0.9769	0.9747	117	0.5455	0.0316	1161	7144	true	false
TRB	dbscan	coef 2.1	0.5049	2.0473508746651636	1.3054537842940002	0.1190749881668808	0.06569179691871527	0.6355106459761819	0.5425798162173509	0.9830769237499846	0.3746891168948918	0.9666	0.9638	122	0.5	0.052750000000000005	1652	7786	true	false
TRB	dbscan	coef 2.5	0.6188	1.5222129712198258	1.173921018643202	0.09135346259092078	0.04884209473315661	0.7047997112955612	0.5888107940662174	0.9734135630859115	0.42205413844085504	0.9566	0.9523	127	0.5	0.0755	2171	7161	true	false
TRB	hdbscan-eom	mcs3 ms2	0.535	1.2202157119917274	1.205976552339688	0.0734869677190178	0.03915213739916255	0.5972573078311079	0.2569881706712681	0.9701192037485721	0.14811176261857406	0.9292	0.927	151	0.4286	0.19825	5863	13137	false	false
TRB	hdbscan-eom	mcs3 ms3	0.6359	1.1555124358435203	1.0647076845068246	0.07013773566474554	0.03707605238154253	0.6477805846264887	0.40662142630946135	0.9670326718897406	0.25743413544306026	0.9351	0.9344	156	0.4	0.25165000000000004	5068	8595	false	false
TRB	hdbscan-eom	mcs5 ms2	0.724	1.2175897309610857	1.1032968251727537	0.07439998619666303	0.03906787953466459	0.7780584626488632	0.4427430827118229	0.9644364762878694	0.2873218466637233	0.9389	0.9377	165	0.3571	0.3548	5851	5792	false	false
TRB	hdbscan-eom	mcs5 ms3	0.7367	1.1944702004703684	1.1020326075639961	0.07310224955710799	0.03832606066978603	0.7892457596535547	0.46297100011954256	0.9637499148288737	0.30466335174442394	0.9394	0.9388	160	0.306	0.36475	5334	4872	false	false
TRB	hdbscan-eom	mcs5 ms5	0.7427	1.1684972725845546	1.1172257089048643	0.07166592114512109	0.03749268700376097	0.8094550703717069	0.4939408893943797	0.9624325654208059	0.33222219847590584	0.9396	0.9393	152	0.30215000000000003	0.3578	4351	3370	false	false
TRB	hdbscan-eom	mcs8 ms2	0.7677	1.1662316021550485	1.0969728917715553	0.07158443352537636	0.03741999015263417	0.8228076506676291	0.4885204286560117	0.962521450556349	0.32732616484046795	0.9399	0.9393	157	0.2632	0.4682	4888	3369	false	false
TRB	hdbscan-eom	mcs8 ms3	0.7698	1.1549551565791836	1.0941706307924282	0.07091269284165534	0.037058171383852874	0.82028148682786	0.49349597538137885	0.9623254059674301	0.3318325192512679	0.9403	0.9401	155	0.2632	0.45355	4693	3053	true	false
TRB	hdbscan-eom	mcs8 ms5	0.7704	1.1353010308245264	1.0989549698234609	0.06976637444347547	0.036427544336155936	0.8228076506676291	0.5109047548915301	0.9616873103540619	0.3478521074817289	0.9402	0.9401	142	0.27825	0.41395	4137	2334	true	false
TRB	hdbscan-eom	mcs10 ms5	0.7758	1.1220609029001698	1.0934606336011197	0.0689843134879777	0.036002718379087445	0.8220858895705522	0.5153529245879953	0.9615695434506677	0.3520049348956079	0.9401	0.9399	135	0.2692	0.40285	3960	1968	false	false
TRB	hdbscan-eom	mcs10 ms3	0.7768	1.1488711658873099	1.099142997514012	0.07058823529411765	0.0368629589823385	0.8293035005413208	0.4991012973225918	0.9619386259134021	0.33696864031170093	0.9397	0.9395	148	0.25695	0.45389999999999997	4487	2516	false	false
TRB	hdbscan-eom	mcs10 ms2	0.7779	1.1493952486527925	1.0937785056585905	0.07061250885350907	0.03687977482911138	0.8274990977986286	0.49639836065192594	0.9619819689467506	0.33450391349767816	0.9395	0.939	151	0.254	0.47215	4633	2717	false	false
TRB	hdbscan-eom	mcs50 ms10	0.7807	1.0445426147765657	0.9647328702380981	0.06418944759748504	0.033515447777884275	0.7571273908336341	0.6463746649212643	0.9602648175546947	0.48713921320806974	0.9342	0.9302	108	0.34165	0.0123	1968	350	false	false
TRB	hdbscan-eom	mcs15 ms5	0.7937	1.094377353012512	1.0781020599092677	0.06738319806975213	0.035114457280458436	0.8314687838325514	0.5330004026563461	0.96100329965719	0.3687637585086052	0.939	0.9379	125	0.248	0.3407	3642	1410	false	false
TRB	hdbscan-eom	mcs20 ms5	0.7963	1.0916171904149339	1.0630047288069586	0.0671987301027382	0.03502589403364692	0.8249729339588596	0.5525461628260584	0.9612408243444266	0.3877043368277747	0.9412	0.9402	119	0.26	0.057550000000000004	3376	1078	true	false
TRB	hdbscan-eom	mcs15 ms3	0.7998	1.112166547793286	1.0788977397411594	0.06846008947492348	0.03568524570043417	0.839408155900397	0.5249623964685866	0.9611225972967746	0.36109599477936427	0.9404	0.9396	132	0.23995	0.463	4044	1659	false	false
TRB	hdbscan-eom	mcs30 ms10	0.8029	1.0416848719880458	0.9643502778081384	0.064032821759611	0.03342375354939006	0.76037531577048	0.6412154119752353	0.9612348941472274	0.4810587499620941	0.9421	0.9409	109	0.2759	0.01885	2278	495	true	false
TRB	hdbscan-eom	mcs15 ms2	0.803	1.1220316144507796	1.0848130995741645	0.06906898073246066	0.036001778622793974	0.8473475279682425	0.5230135017331528	0.9611936168281099	0.35924444479172324	0.9405	0.9398	134	0.23365000000000002	0.4783	4178	1769	false	false
TRB	hdbscan-eom	mcs20 ms2	0.8042	1.1155329926005866	1.0823332532427374	0.06868397178894384	0.03579326226533071	0.8469866474197041	0.5374820454516307	0.96115996654721	0.37304454870552395	0.9412	0.9392	125	0.2418	0.23709999999999998	3827	1311	false	false
TRB	hdbscan-eom	mcs10 ms10	0.8096	1.0612124133024181	0.9792931990560824	0.06527914835082683	0.03405031897802249	0.7878022374594009	0.657179790456348	0.9596761005942669	0.499677962639548	0.9316	0.9379	124	0.2778	0.0866	2576	896	false	false
TRB	hdbscan-eom	mcs20 ms10	0.8162	1.0545017638269718	0.9713740629085332	0.06484990675569993	0.03383499945073053	0.7780584626488632	0.651345205851589	0.9610977611491514	0.49258863217621385	0.9429	0.9416	116	0.2786	0.03075	2560	669	true	false
TRB	hdbscan-eom	mcs30 ms5	0.8188	1.048762349902657	0.964738036145169	0.06451033512445556	0.03365084322298564	0.7776975821003248	0.6432049606303089	0.9614270971219098	0.4832532712163389	0.9422	0.9411	116	0.26525	0.0238	2806	624	true	false
TRB	hdbscan-eom	mcs50 ms5	0.8192	1.0162985770558592	0.93695016608648	0.06252422552848923	0.032609202730651404	0.7567665102850957	0.6539632771419036	0.9608797748190702	0.49564752643009435	0.9415	0.9399	110	0.3333	0.01565	2303	418	false	false
TRB	hdbscan-eom	mcs50 ms3	0.8244	1.00203143742569	0.9261867544796993	0.061675048298848206	0.03215142382680362	0.754601226993865	0.6503478240746621	0.9606914595013438	0.49155495610385935	0.9413	0.9402	110	0.32625000000000004	0.01635	2450	450	true	false
TRB	hdbscan-eom	mcs50 ms2	0.8253	0.9948074299739931	0.919358985901832	0.061232909005186235	0.03191963257092825	0.7499097798628654	0.6506979253975379	0.9606357493783976	0.49196969171220806	0.9412	0.94	110	0.2885	0.01635	2464	455	true	false
TRB	hdbscan-eom	mcs15 ms10	0.8264	1.0496622596024259	0.971390001622702	0.06459170509645754	0.033679717943959915	0.7859978347167088	0.6579084775789827	0.960337848099781	0.5003411573314236	0.9387	0.9377	123	0.3143	0.05075	2534	761	false	false
TRB	hdbscan-eom	mcs30 ms3	0.8317	1.0555280420736868	0.9763244096395458	0.06497781173773767	0.033867928863563254	0.797906892818477	0.6409286110695473	0.9612401095165171	0.4807346691841645	0.9422	0.9418	114	0.25145	0.0314	3020	678	true	false
TRB	hdbscan-eom	mcs20 ms3	0.8326	1.1187747940279882	1.0428011919051388	0.06888378421876601	0.035897279492497255	0.8495128112594731	0.6253868151291143	0.9610117817951612	0.46350999864200726	0.9433	0.942	125	0.2444	0.23709999999999998	3509	1036	true	false
TRB	hdbscan-eom	mcs30 ms2	0.8336	1.0546089264484342	0.9755310202599968	0.06492592049288544	0.03383843789660392	0.7986286539155539	0.6396970286400324	0.9611859976440583	0.47936370682441554	0.9424	0.9416	115	0.2472	0.034	3104	714	true	false
TRB	hdbscan-leaf	mcs3 ms2	0.3452	1.430665052334948	1.3119751942183306	0.0822463631921212	0.04590466599530044	0.3948033201010466	0.12801883487664628	0.98277770815307	0.06846887208232932	0.9342	0.9292	143	0.4167	0.14245	5207	17666	false	false
TRB	hdbscan-leaf	mcs3 ms3	0.3478	1.5379737391266433	1.3873393306928754	0.08835978835978836	0.04934779855629195	0.4218693612414291	0.1345770955765854	0.9825052004188484	0.07223573559398166	0.9337	0.9288	147	0.4545	0.1559	4892	13605	false	false
TRB	hdbscan-leaf	mcs5 ms5	0.461	1.4699787909022506	1.3520731894994618	0.08702699681404057	0.04716609614976826	0.5618910140743414	0.21143974333306687	0.9763936534301831	0.11855670160133247	0.9357	0.9321	146	0.29635	0.2818	4852	5406	false	false
TRB	hdbscan-leaf	mcs10 ms10	0.464	1.3880657712381235	1.442940091891654	0.08285217215904794	0.04453781512605042	0.5929267412486467	0.2475162797470727	0.9716979743157628	0.14182083319544248	0.9228	0.9191	116	0.26555	0.06855	3221	1923	false	false
TRB	hdbscan-leaf	mcs15 ms10	0.4991	1.3216638373020795	1.401016206264518	0.07944021403580984	0.0424072265625	0.6268495128112594	0.277065540380236	0.9692727770672299	0.16163425592293035	0.9223	0.9192	116	0.27705	0.0378	3139	1496	false	false
TRB	hdbscan-leaf	mcs5 ms3	0.518	1.4677463133979711	1.2891183910034698	0.08751055500115146	0.04709446433489397	0.6171057380007218	0.22441482974021174	0.975502428499596	0.1267916575137633	0.9392	0.9355	157	0.3793	0.27535	6287	7730	false	false
TRB	hdbscan-leaf	mcs8 ms5	0.5205	1.3587034587237918	1.308885319691994	0.08144128706744728	0.0435956888424593	0.6174666185492602	0.2573969128887213	0.9719197248575301	0.14834133466816413	0.9328	0.9296	139	0.2642	0.35409999999999997	4417	3667	false	false
TRB	hdbscan-leaf	mcs20 ms10	0.5264	1.3138959971973823	1.4146582510431969	0.07937581934283418	0.0421579857601689	0.6773727896066402	0.30524664060935985	0.967956587585902	0.1811930829227315	0.9249	0.9208	109	0.2734	0.0265	3002	1166	false	false
TRB	hdbscan-leaf	mcs10 ms5	0.5462	1.295825685549138	1.2774559569957478	0.07805267004806309	0.041578177356175375	0.6358715265247203	0.2798018823597746	0.9704682804885454	0.1634658857866783	0.9316	0.9291	133	0.2687	0.36085	4240	3021	false	false
TRB	hdbscan-leaf	mcs5 ms2	0.5548	1.4039671040465598	1.2258068054426803	0.08415441001475558	0.045048029148724744	0.6380368098159509	0.23545624637036253	0.97443273794169	0.13390629095733042	0.9403	0.9372	161	0.3784	0.281	7152	9005	false	false
TRB	hdbscan-leaf	mcs30 ms10	0.5646	1.2002952918248566	1.3095646891145496	0.07293165295121905	0.0385129659643436	0.6860339227715626	0.35035847966690736	0.9652818270170852	0.21401946965476726	0.9231	0.9195	105	0.25	0.0161	2709	823	false	false
TRB	hdbscan-leaf	mcs8 ms3	0.5692	1.3406868471941422	1.2506684317991834	0.0807548339941084	0.0430176034735004	0.6578852399855648	0.2742438225198307	0.9713602563848345	0.15966033646830902	0.9369	0.9344	152	0.2899	0.36775	5176	4774	false	false
TRB	hdbscan-leaf	mcs15 ms5	0.5841	1.2703371324074157	1.2853897907072176	0.07695108629688069	0.04076034545571438	0.686394803320101	0.3134405665719953	0.9676319614880264	0.18700872018174086	0.93	0.9269	123	0.2288	0.2984	3931	2119	false	false
TRB	hdbscan-leaf	mcs10 ms3	0.5912	1.2904437511734512	1.2385595416154846	0.07803822874851807	0.04140549130396398	0.6770119090581017	0.2963611118081589	0.969576588698124	0.1749124565602731	0.9346	0.9322	145	0.25	0.38285	4819	3782	false	false
TRB	hdbscan-leaf	mcs8 ms2	0.5939	1.306706787916252	1.214552292233964	0.0789495904753863	0.041927311046837515	0.6748466257668712	0.2845002864936353	0.9704133404337132	0.16668385790894547	0.9373	0.9346	154	0.2745	0.36475	5545	5304	false	false
TRB	hdbscan-leaf	mcs50 ms10	0.5944	1.1491811419215194	1.234169806317243	0.07006873717925649	0.03687290494858247	0.7026344280043305	0.40114680208961545	0.9635126153402805	0.25330327578827716	0.9205	0.9173	103	0.3333	0.0103	2295	537	false	false
TRB	hdbscan-leaf	mcs20 ms5	0.6057	1.2198007867540455	1.2441067961645746	0.07410683382686613	0.03913882400731187	0.6954168170335618	0.3388567851175926	0.9668709124368259	0.20542594660124713	0.9314	0.9287	116	0.23565	0.04675	3692	1645	false	false
TRB	hdbscan-leaf	mcs10 ms2	0.6141	1.2691948522805085	1.210769400654971	0.07692615890059698	0.04072369397840796	0.6928906531937928	0.30558831673801834	0.9689626703834988	0.18139861258162082	0.9362	0.9331	149	0.2542	0.3794	5094	4147	false	false
TRB	hdbscan-leaf	mcs30 ms5	0.6145	1.1590763657245078	1.1951192040271983	0.07056163952044768	0.03719040550042972	0.6871165644171779	0.3693973772613464	0.9655557693894781	0.2283860757626951	0.9292	0.9283	114	0.25	0.02325	3159	1062	false	false
TRB	hdbscan-leaf	mcs15 ms3	0.627	1.2218797526342386	1.2198247709671108	0.07430901676483916	0.039205530210968786	0.7102129195236376	0.3331355319205841	0.9669608221810239	0.2012317606581061	0.9326	0.9297	130	0.21484999999999999	0.40190000000000003	4349	2509	false	false
TRB	hdbscan-leaf	mcs20 ms3	0.6456	1.1932929862377715	1.206679136804247	0.0727299095408154	0.038288288288288286	0.7239263803680982	0.3564011074919543	0.965692240304165	0.21852534434048265	0.933	0.9299	123	0.2346	0.18855	4003	1880	false	false
TRB	hdbscan-leaf	mcs50 ms5	0.6469	1.108192925649828	1.1571940123348363	0.06768995428233698	0.03555774709620863	0.7026344280043305	0.41293771911247584	0.962919661139669	0.26282333743797204	0.9276	0.9248	107	0.25	0.0137	2592	664	false	false
TRB	hdbscan-leaf	mcs15 ms2	0.6483	1.2130086835842588	1.2087213443225366	0.0739093179705019	0.03892089093701997	0.7315048718874053	0.3435422676578684	0.9667189823517037	0.2088871817202601	0.9346	0.9319	132	0.21945	0.4073	4514	2691	false	false
TRB	hdbscan-leaf	mcs30 ms3	0.6524	1.114104028045773	1.1373658765353583	0.06799936482170899	0.035747412161911477	0.6954168170335618	0.3848891877683056	0.9646877997330137	0.24040218216040987	0.932	0.9305	111	0.2437	0.0279	3375	1224	false	false
TRB	hdbscan-leaf	mcs20 ms2	0.658	1.1905514834011632	1.2019773523770074	0.07265456347099834	0.03820032376309473	0.7408877661494045	0.3634395748632722	0.9656553501834286	0.22384325103403213	0.9347	0.931	123	0.2245	0.18855	4110	1993	false	false
TRB	hdbscan-leaf	mcs30 ms2	0.6694	1.097572004358319	1.1232678305269705	0.06709341731420942	0.035216961638666784	0.7073258751353302	0.39373295214738496	0.9642498038708407	0.24737110394061257	0.9333	0.9318	113	0.2389	0.030100000000000002	3480	1275	false	false
TRB	hdbscan-leaf	mcs50 ms3	0.6722	1.0716058011132983	1.1025964460748152	0.06558744993324434	0.03438380374109783	0.7091302778780224	0.43299797093852394	0.9626356210427981	0.2793183250841712	0.9305	0.9288	106	0.25	0.0143	2734	727	false	false
TRB	hdbscan-leaf	mcs50 ms2	0.6833	1.0635044184695495	1.0882898896213624	0.06513252178496713	0.034123860811930404	0.7134608444604836	0.4406752957327329	0.9626957025463158	0.2857355764821118	0.9318	0.9299	106	0.25	0.0143	2762	744	false	false
TRB	hybrid	mcs3 M1	0.2334	4.331479799826579	1.4882784419928479	0.19341383095499454	0.13898091181574382	0.31793576326236017	0.09049171851343352	0.9964032911729992	0.04739817149356085	0.9818	0.9796	84	0.7639	0.0	3817	5681	false	false
TRB	hybrid	mcs3 M10	0.2368	4.353813358261421	1.3996814063454461	0.19260089686098658	0.13969751179053505	0.3099963911945146	0.09651372541954964	0.9964404133473861	0.050712847942828154	0.9821	0.9793	74	0.542	0.0	3782	5292	false	false
TRB	hybrid	mcs3 M5	0.2458	4.2468491452477375	1.4069837800367426	0.19089828126689004	0.13626543209876543	0.318657524359437	0.09902665012370172	0.996248670768345	0.05210282314048342	0.9823	0.9799	84	0.7778	0.0	3819	5235	false	false
TRB	hybrid	mcs50 M1	0.2731	3.743275068662644	1.3280614645485436	0.1794098839864803	0.12010763209393346	0.354384698664742	0.24519553516027162	0.9944000278259492	0.13983815946830902	0.9828	0.9787	58	0.9346	0.0	476	294	false	false
TRB	hybrid	mcs50 M5	0.2731	3.741902061546128	1.3279328221284201	0.1793607305936073	0.12006357745445653	0.354384698664742	0.249733539227139	0.994402901226394	0.14279783606023755	0.9828	0.9787	58	0.9346	0.0	443	268	false	false
TRB	hybrid	mcs50 M10	0.2731	3.7480037884069133	1.329499732107435	0.17962539972590225	0.12025935894298997	0.3547455792132804	0.2515645612660565	0.9944027084598196	0.14399642989132855	0.9831	0.9793	58	1.0	0.0	435	259	false	false
TRB	hybrid	mcs20 M1	0.2814	3.848161821431118	1.3865387476339448	0.18541498066720616	0.12347305389221556	0.3720678455431252	0.20412716795255487	0.994320656786817	0.11373844259215815	0.9808	0.9765	69	0.6667	0.0	962	762	false	false
TRB	hybrid	mcs20 M5	0.2819	3.85581802673613	1.3941619707174984	0.18600483827614014	0.12371871275327771	0.3745940093828943	0.20906584911403095	0.994154716080496	0.11681582097497523	0.9805	0.9761	69	0.65	0.0	896	692	false	false
TRB	hybrid	mcs20 M10	0.282	3.8790306717489385	1.4023106540317578	0.1871135406398423	0.12446351931330472	0.3767592926741249	0.21062169269611603	0.9941554017223827	0.11778813980897562	0.9806	0.9759	69	0.65	0.0	875	676	false	false
TRB	hybrid	mcs5 M1	0.2844	4.0836042974395514	1.4154053060790852	0.19414570279622184	0.1310275183034587	0.3745940093828943	0.1334782347041932	0.9952691213003477	0.0715360649639103	0.9814	0.9784	82	0.5278499999999999	0.0	3184	3250	false	false
TRB	hybrid	mcs5 M5	0.2845	4.0774636871646	1.411820172622038	0.19378393559258567	0.13083048919226395	0.37351136773727894	0.13893600307845327	0.995180834538685	0.07468106877328196	0.9815	0.9783	83	0.5294	0.0	2887	2958	false	false
TRB	hybrid	mcs5 M10	0.2847	4.088960936141675	1.415009197556886	0.19428571428571428	0.1311993927125506	0.37423312883435583	0.13884588675021775	0.9952042874788029	0.07462886494347842	0.9816	0.9784	82	0.5266	0.0	2901	2964	false	false
TRB	hybrid	mcs10 M5	0.2867	3.9732497950019883	1.4182631487565063	0.1908306854289605	0.1274866569626395	0.3792854565138939	0.17562081764470167	0.9943976059574555	0.09631556742365777	0.9806	0.9771	76	0.5	0.0	1554	1422	false	false
TRB	hybrid	mcs10 M1	0.287	3.9619727160984795	1.4132296636460233	0.19024257290814936	0.12712481787275376	0.37784193431974017	0.17099395883982643	0.9944532146974635	0.09353887759523849	0.9808	0.9775	74	0.5	0.0	1680	1548	false	false
TRB	hybrid	mcs10 M10	0.2872	3.9737318100201855	1.418308847585208	0.19084801162157256	0.12750212301346597	0.3792854565138939	0.17702572749146026	0.9944280977687	0.09716105372447548	0.9807	0.9772	74	0.5	0.0	1529	1389	false	false
TRB	hybrid-len-all	mcs3 M1	0.8486	1.0169112899127355	1.0195806703921009	0.06282905340066618	0.03262886238404129	0.8440996030313966	0.30660278372974653	0.9629622046937553	0.18232751783680456	0.9395	0.9395	177	0.1522	0.8078	14125	19139	false	false
TRB	hybrid-len-all	mcs3 M5	0.8756	1.0022376851528454	0.9953072131581475	0.06199021207177814	0.03215804154141956	0.8570913027787802	0.3256653546392779	0.9623661584236081	0.1959951169544012	0.9408	0.9409	176	0.1667	0.8133	13894	17740	false	false
TRB	hybrid-len-all	mcs8 M1	0.9535	1.0072155446469095	0.9888485474155138	0.06248499111473993	0.03231776234893744	0.9390111872970047	0.4695130356470545	0.9577373246278301	0.31098346899838114	0.9423	0.9437	148	0.25915	0.5461	6383	6441	true	false
TRB	hybrid-len-all	mcs8 M5	0.9535	1.0072155446469095	0.9888485474155138	0.06248499111473993	0.03231776234893744	0.9390111872970047	0.48103926552439086	0.957467530141196	0.32120847215421644	0.9422	0.9438	148	0.2825	0.5461	5833	5880	true	false
TRB	hybrid-len-all	mcs5 M1	0.9737	1.0089295003139909	0.9984918919657729	0.06265307550558652	0.03237275674633305	0.9693251533742331	0.41209720172194675	0.9595009231495455	0.26239725712074413	0.9443	0.9476	168	0.22475	0.80535	10690	10826	false	false
TRB	hybrid-len-all	mcs5 M5	0.9738	1.0089295003139909	0.9984918919657729	0.06265307550558652	0.03237275674633305	0.9693251533742331	0.42472144674184126	0.9592043534130081	0.27274428294962294	0.9437	0.9464	168	0.22749999999999998	0.80535	9788	9909	false	false
TRB	hybrid-len-enriched	mcs3 M1	0.2533	3.8615556444430936	1.5502149909456202	0.18322046651617757	0.12390281134715685	0.3514976542764345	0.09598348936742244	0.9952690709519462	0.050423142009413	0.9781	0.975	91	0.5833	0.0026	4025	5608	false	false
TRB	hybrid-len-enriched	mcs3 M5	0.263	3.789773712016779	1.462324329237426	0.18049869743208038	0.12159959884668421	0.35005413208228076	0.1043890546877416	0.9952784565663718	0.05508320840420444	0.9799	0.9775	88	0.5	0.0	4017	5174	false	false
TRB	hybrid-len-enriched	mcs8 M1	0.2922	3.788975253148901	1.417479118258619	0.18488412314078173	0.12157397930171727	0.38578130638758573	0.16480485408579015	0.9940935644816513	0.08985030023560314	0.9801	0.9753	73	0.6667	0.0	1952	1960	false	false
TRB	hybrid-len-enriched	mcs8 M5	0.2922	3.788975253148901	1.417479118258619	0.18488412314078173	0.12157397930171727	0.38578130638758573	0.17101540813292376	0.9940072504359939	0.09355566345613409	0.9801	0.9745	73	0.6667	0.0	1747	1754	false	false
TRB	hybrid-len-enriched	mcs5 M1	0.2951	3.7812328049834965	1.4479422704339766	0.18592880040492663	0.12132555323131124	0.397690364489354	0.13989250626960048	0.9943574590091366	0.07523878777361404	0.9794	0.9758	78	0.51	0.0	3180	3194	false	false
TRB	hybrid-len-enriched	mcs5 M5	0.2951	3.7812328049834965	1.4479422704339766	0.18592880040492663	0.12132555323131124	0.397690364489354	0.14552893326934432	0.9943095549175383	0.07850989100071593	0.9794	0.9758	78	0.5219	0.0	2884	2898	false	false
TRB	hybrid-recruited	mcs3 M10	0.2828	3.163798656508887	1.3878497110803265	0.15977241273258497	0.10151441133365902	0.3749548899314327	0.11607305977404465	0.9952253158547295	0.06163051100561767	0.98	0.9753	80	0.42725	0.0	4624	6527	false	false
TRB	hybrid-recruited	mcs3 M1	0.2864	3.233687295911318	1.5181687676972981	0.16491332049192473	0.10375687517479258	0.4016600505232768	0.11101098272837973	0.9948741214892666	0.05878520443185953	0.9786	0.9763	102	0.5	0.0127	4702	6909	false	false
TRB	hybrid-recruited	mcs3 M5	0.293	3.145912047371562	1.4129437927450574	0.1604737231680237	0.10094049725300307	0.39119451461566224	0.11951577705051145	0.994919010549194	0.0635764874350011	0.98	0.9769	95	0.5	0.005549999999999999	4660	6432	false	false
TRB	hybrid-recruited	mcs5 M10	0.3394	3.050289856185262	1.4167617844339226	0.16118756371049947	0.09787234042553192	0.45651389390111874	0.1662016909631101	0.9936068251625051	0.0906853651594699	0.9795	0.9765	94	0.51315	0.0063	3553	3619	false	false
TRB	hybrid-recruited	mcs50 M1	0.3401	2.7932557955646784	1.3358975604134904	0.14876641708604393	0.0896250831915995	0.4373872248285817	0.28696629218780684	0.9915014609494315	0.167760231685518	0.9773	0.9721	74	0.5	0.0	679	358	false	false
TRB	hybrid-recruited	mcs5 M5	0.3405	3.0173730591760686	1.4112894759964445	0.15975247837342932	0.0968161640900046	0.45651389390111874	0.16655036547338117	0.9934675020969952	0.09089418359213952	0.9794	0.9754	99	0.5	0.008	3558	3633	false	false
TRB	hybrid-recruited	mcs50 M10	0.3405	2.8044347369700375	1.3434778545810802	0.14942739910588523	0.08998377341790825	0.4402742692168892	0.2944922859184571	0.991369226831383	0.1729312912872576	0.9771	0.9707	75	0.5	0.0	616	311	false	false
TRB	hybrid-recruited	mcs50 M5	0.3407	2.7944783682078262	1.3403591156873345	0.14894527667380003	0.0896643109540636	0.43955250811981234	0.29303228294489775	0.9914104695429182	0.17192402858775235	0.9776	0.9724	74	0.5	0.0	634	321	false	false
TRB	hybrid-recruited	mcs5 M1	0.3409	3.033564122583235	1.421196594147442	0.16068052930056712	0.09733567447896786	0.4601226993865031	0.1608291265707009	0.9935953453808408	0.08749585771812951	0.9793	0.9768	96	0.5	0.0066	3875	3966	false	false
TRB	hybrid-recruited	mcs20 M10	0.344	2.869265705700898	1.3835708220300333	0.15314549429196014	0.09206395561071767	0.455070371706965	0.24809684318710612	0.9919497371884212	0.1417785605198949	0.9776	0.9722	85	0.5	0.0	1180	823	false	false
TRB	hybrid-recruited	mcs20 M1	0.3442	2.864038213889025	1.382665248918955	0.1529133571818347	0.09189622504008162	0.455070371706965	0.24145278143325594	0.9919944241543625	0.13745472328032404	0.978	0.9729	85	0.5	0.0	1283	924	false	false
TRB	hybrid-recruited	mcs20 M5	0.3444	2.8559393720678456	1.3805567333980975	0.1525331396404576	0.09163636363636364	0.45470949115842657	0.24649378587792112	0.9919491521508518	0.14073251181243762	0.9778	0.9725	85	0.5	0.0	1207	843	false	false
TRB	hybrid-recruited	mcs10 M10	0.346	2.971038037896212	1.422952145238748	0.15829453565302623	0.09532944735482919	0.4662576687116564	0.20992043492994186	0.9924481220574954	0.11737351030342613	0.9781	0.974	93	0.5	0.0038	1972	1710	false	false
TRB	hybrid-recruited	mcs10 M1	0.3468	2.9621908653822175	1.422146186703435	0.15792366412213737	0.09504557483093208	0.46661854926019486	0.2038801522068633	0.9925435231891584	0.11360832098837781	0.9783	0.9738	92	0.52555	0.0026	2137	1891	false	false
TRB	hybrid-recruited	mcs10 M5	0.3469	2.9565223398159333	1.4197599967621861	0.15763125763125765	0.09486369314424278	0.465896788163118	0.20934820579230118	0.9923478492884792	0.1170172276777991	0.978	0.9746	93	0.5294	0.0038	1988	1733	false	false
TRB	legacy	--	0.3218	2.8551781168563557	1.25884842675403	0.14891891891891892	0.0916119378169424	0.397690364489354	0.443298188339557	0.9926420745274728	0.2853699349529083	0.979	0.9756	103	0.7692	0.0089	690		true	true
TRB	lumbermark	mcs3 M1	0.5861	1.352192021479921	1.1381198614595702	0.08126317719314329	0.04338676128716506	0.6398412125586431	0.2208205922928228	0.9753610597201775	0.12450408507466248	0.945	0.9418	158	0.3529	0.1714	9897	19560	false	false
TRB	lumbermark	mcs3 M10	0.6039	1.2926027510791542	1.069494245641646	0.07775417024546812	0.04147476549878228	0.6207145434861061	0.23415316953660023	0.9748269884469719	0.13305667249804465	0.9457	0.9427	162	0.37170000000000003	0.19465	9709	18009	false	false
TRB	lumbermark	mcs3 M5	0.6134	1.3187814270767857	1.0989592605841696	0.07945646659166612	0.04231474084864433	0.6499458679177192	0.2374061546403131	0.9744556977723291	0.13516860746113324	0.9456	0.9423	162	0.3529	0.21545	9871	17930	false	false
TRB	lumbermark	mcs5 M10	0.7446	1.2689089831670661	1.1040101174936	0.0774909681135138	0.04071452151267285	0.8011548177553229	0.3255574192871211	0.968624089531208	0.19565959346387463	0.9456	0.9439	176	0.2759	0.39905	8734	10057	false	false
TRB	lumbermark	mcs5 M1	0.7449	1.2637180906533365	1.100033602353236	0.077179160929357	0.040547965275997216	0.7989895344640924	0.31662040291541743	0.9688319414141489	0.18923117328374173	0.9465	0.9453	173	0.2917	0.382	9245	11157	false	false
TRB	lumbermark	mcs5 M5	0.7502	1.258156299392047	1.0979608184239498	0.07686581375621072	0.04036950829211522	0.8011548177553229	0.32657249689991635	0.9684656548440086	0.1963998610450287	0.946	0.9446	176	0.29969999999999997	0.38395	8744	10133	false	false
TRB	lumbermark	mcs10 M1	0.8345	1.147889953748837	1.0581603801552453	0.07064494189313067	0.03683147557158935	0.8621436304583183	0.4047273534142913	0.9639153711587224	0.2561368584212571	0.9445	0.9445	175	0.2241	0.6364	7121	5335	false	false
TRB	lumbermark	mcs10 M10	0.8428	1.1324788044427532	1.0505481452509617	0.06975361457139957	0.03633698969570604	0.8679177192349332	0.4147974900211376	0.9635172961847193	0.26428696626259807	0.944	0.9442	175	0.2162	0.6847000000000001	7037	4781	false	false
TRB	lumbermark	mcs10 M5	0.844	1.1406105533033841	1.057784442315111	0.07025183249872996	0.03659790696267618	0.8733309274630098	0.4147251389342108	0.9635067709398113	0.2642290178670965	0.9441	0.9438	175	0.2286	0.67665	6981	4869	false	false
TRB	lumbermark	mcs20 M1	0.9014	1.060498686539781	1.0145869175342817	0.0655785064278492	0.034027418167943094	0.9011187297004691	0.480040587819552	0.9606410583419538	0.31996489769028125	0.9439	0.9446	156	0.21389999999999998	0.80835	5902	2597	true	false
TRB	lumbermark	mcs20 M5	0.9071	1.0674556431655196	1.024219773174364	0.06603295145706818	0.0342506407662215	0.9162757127390834	0.4887671580162788	0.9600984242353218	0.3278292893872081	0.9431	0.9439	156	0.22715000000000002	0.8265	5712	2367	true	false
TRB	lumbermark	mcs20 M10	0.9078	1.0694793523855375	1.0266439306088337	0.06616205548991859	0.03431557399127296	0.9195236376759293	0.4889788562759018	0.9600815651356479	0.3280217608463728	0.9434	0.9441	156	0.2202	0.8293	5752	2337	true	false
TRB	lumbermark	mcs50 M1	0.9239	1.013058921717112	0.9810935993172882	0.06274094791745409	0.032505254363406136	0.8985925658607001	0.5582903511072179	0.9578693354650946	0.39395179897632193	0.9418	0.9432	124	0.241	0.1091	3789	988	true	false
TRB	lumbermark	mcs50 M5	0.9273	1.0124824015908882	0.9820062253594065	0.06271698396981963	0.0324867559987535	0.9029231324431614	0.5657782517507952	0.957478818682334	0.4015186548940831	0.9411	0.9433	124	0.24445	0.1259	3624	905	true	false
TRB	lumbermark	mcs50 M10	0.9277	1.0088216981327986	0.9788970714573212	0.06249374311742917	0.03236929777939099	0.9011187297004691	0.5680612223055671	0.9574077709346208	0.40383477572819104	0.9405	0.9427	124	0.25	0.1259	3622	886	true	false
TRB	shipped-tcremp	--	0.3745	3.5859487768492	1.441827201607118	0.18880393935467152	0.11505962252230909	0.525802959220498	0.49471003666135227	0.9926818389483261	0.32944585875241994	0.9829	0.9814	105	0.6667	0.012750000000000001	772		true	true
TRB	shipped-tcrnet	--	0.3337	3.194342330628794	1.425857461864309	0.16691245475264782	0.10249444307236355	0.44929628293035007	0.4427594789601733	0.9919788103981863	0.2849782966310591	0.979	0.9761	109	0.7059	0.01425	657		false	false
TRB	trivial	--	0.9981	1.0	1.0	0.0621774446887762	0.03208624263266984	1.0	0.8632180710361196	0.9492688616414217	0.7914715362183489	0.9343	0.9455	178	0.2812	1.0	1644	178	false	false
