species	gene	source	axis	direction	tolerance	value	reason
HomoSapiens	TRA	current-tcremp	clonotypes	record	0.0	16898.0	
HomoSapiens	TRA	current-tcremp	clusters	record	0.0	1490.0	
HomoSapiens	TRA	current-tcremp	epitopes	up	0.0	104.0	
HomoSapiens	TRA	current-tcremp	f1_assignment	up	0.005	0.898	
HomoSapiens	TRA	current-tcremp	h	up	0.005	0.963498	
HomoSapiens	TRA	current-tcremp	p	up	0.005	0.089585	
HomoSapiens	TRA	current-tcremp	partition_ari	record	0.0	0.765573	
HomoSapiens	TRA	current-tcremp	partition_clonotypes_reference	record	0.0	15016.0	
HomoSapiens	TRA	current-tcremp	partition_clonotypes_shared	record	0.0	7829.0	
HomoSapiens	TRA	current-tcremp	partition_neighbours_preserved	baseline	0.005	0.282017	
HomoSapiens	TRA	current-tcremp	partition_pairs_preserved	record	0.0	0.292595	
HomoSapiens	TRA	current-tcremp	percolation_excess	record	0.0	0.0869	recorded, not gated (2026-10-01): percolation is the largest cluster's share of an epitope's clustered clonotypes, which depends on the epitope - one prominent motif (A*02 GIL) should percolate, a featureless one (A*02 NLV) should not. See validate/motif_metrics.py.
HomoSapiens	TRA	current-tcremp	percolation_median	record	0.0	0.5	recorded, not gated (2026-10-01): percolation is the largest cluster's share of an epitope's clustered clonotypes, which depends on the epitope - one prominent motif (A*02 GIL) should percolate, a featureless one (A*02 NLV) should not. See validate/motif_metrics.py.
HomoSapiens	TRA	current-tcremp	precision	up	0.005	0.8894	
HomoSapiens	TRA	current-tcremp	purity	up	0.005	0.9068	
HomoSapiens	TRA	current-tcremp	q	up	0.005	0.163927	
HomoSapiens	TRA	current-tcremp	recall	up	0.005	0.9068	
HomoSapiens	TRA	current-tcremp	retention	up	0.005	0.2459	
HomoSapiens	TRA	current-tcrnet	clonotypes	record	0.0	15653.0	
HomoSapiens	TRA	current-tcrnet	clusters	record	0.0	867.0	
HomoSapiens	TRA	current-tcrnet	epitopes	up	0.0	104.0	
HomoSapiens	TRA	current-tcrnet	f1_assignment	up	0.005	0.8689	
HomoSapiens	TRA	current-tcrnet	h	up	0.005	0.958155	
HomoSapiens	TRA	current-tcrnet	p	up	0.005	0.100067	
HomoSapiens	TRA	current-tcrnet	partition_ari	record	0.0	0.993208	
HomoSapiens	TRA	current-tcrnet	partition_clonotypes_reference	record	0.0	15016.0	
HomoSapiens	TRA	current-tcrnet	partition_clonotypes_shared	record	0.0	11143.0	
HomoSapiens	TRA	current-tcrnet	partition_neighbours_preserved	baseline	0.005	0.610443	
HomoSapiens	TRA	current-tcrnet	partition_pairs_preserved	record	0.0	0.591805	
HomoSapiens	TRA	current-tcrnet	percolation_excess	record	0.0	-0.1012	
HomoSapiens	TRA	current-tcrnet	percolation_median	record	0.0	0.37085	
HomoSapiens	TRA	current-tcrnet	precision	up	0.005	0.8653	
HomoSapiens	TRA	current-tcrnet	purity	up	0.005	0.8726	
HomoSapiens	TRA	current-tcrnet	q	up	0.005	0.181209	
HomoSapiens	TRA	current-tcrnet	recall	up	0.005	0.8726	
HomoSapiens	TRA	current-tcrnet	retention	up	0.005	0.2337	
HomoSapiens	TRA	latest	clonotypes	record	0.0	13921.0	
HomoSapiens	TRA	latest	clusters	record	0.0	893.0	
HomoSapiens	TRA	latest	epitopes	up	0.0	104.0	
HomoSapiens	TRA	latest	f1_assignment	up	0.005	0.8516	
HomoSapiens	TRA	latest	h	up	0.005	0.962674	
HomoSapiens	TRA	latest	p	up	0.005	0.083161	
HomoSapiens	TRA	latest	partition_ari	record	0.0	1.0	
HomoSapiens	TRA	latest	partition_clonotypes_reference	record	0.0	15016.0	
HomoSapiens	TRA	latest	partition_clonotypes_shared	record	0.0	15016.0	
HomoSapiens	TRA	latest	partition_neighbours_preserved	baseline	0.005	1.0	
HomoSapiens	TRA	latest	partition_pairs_preserved	record	0.0	1.0	
HomoSapiens	TRA	latest	percolation_excess	record	0.0	0.0	
HomoSapiens	TRA	latest	percolation_median	record	0.0	0.4658	recorded, not gated (2026-10-01): percolation is the largest cluster's share of an epitope's clustered clonotypes, which depends on the epitope - one prominent motif (A*02 GIL) should percolate, a featureless one (A*02 NLV) should not. See validate/motif_metrics.py.
HomoSapiens	TRA	latest	precision	up	0.005	0.847	
HomoSapiens	TRA	latest	purity	up	0.005	0.8562	
HomoSapiens	TRA	latest	q	up	0.005	0.153096	
HomoSapiens	TRA	latest	recall	up	0.005	0.8562	
HomoSapiens	TRA	latest	retention	up	0.005	0.1957	
HomoSapiens	TRA	legacy	clonotypes	record	0.0	13921.0	
HomoSapiens	TRA	legacy	clusters	record	0.0	893.0	
HomoSapiens	TRA	legacy	epitopes	up	0.0	104.0	
HomoSapiens	TRA	legacy	f1_assignment	up	0.005	0.8516	
HomoSapiens	TRA	legacy	h	up	0.005	0.962674	
HomoSapiens	TRA	legacy	p	up	0.005	0.083161	
HomoSapiens	TRA	legacy	partition_ari	record	0.0	1.0	
HomoSapiens	TRA	legacy	partition_clonotypes_reference	record	0.0	15016.0	
HomoSapiens	TRA	legacy	partition_clonotypes_shared	record	0.0	15016.0	
HomoSapiens	TRA	legacy	partition_neighbours_preserved	baseline	0.005	1.0	
HomoSapiens	TRA	legacy	partition_pairs_preserved	record	0.0	1.0	
HomoSapiens	TRA	legacy	percolation_excess	record	0.0	0.0	
HomoSapiens	TRA	legacy	percolation_median	record	0.0	0.4658	recorded, not gated (2026-10-01): percolation is the largest cluster's share of an epitope's clustered clonotypes, which depends on the epitope - one prominent motif (A*02 GIL) should percolate, a featureless one (A*02 NLV) should not. See validate/motif_metrics.py.
HomoSapiens	TRA	legacy	precision	up	0.005	0.847	
HomoSapiens	TRA	legacy	purity	up	0.005	0.8562	
HomoSapiens	TRA	legacy	q	up	0.005	0.153096	
HomoSapiens	TRA	legacy	recall	up	0.005	0.8562	
HomoSapiens	TRA	legacy	retention	up	0.005	0.1957	
HomoSapiens	TRA	trivial	clonotypes	record	0.0	57780.0	
HomoSapiens	TRA	trivial	clusters	record	0.0	1102.0	
HomoSapiens	TRA	trivial	epitopes	up	0.0	118.0	
HomoSapiens	TRA	trivial	f1_assignment	up	0.005	0.9212	
HomoSapiens	TRA	trivial	h	up	0.005	0.890992	
HomoSapiens	TRA	trivial	p	up	0.005	0.712514	
HomoSapiens	TRA	trivial	partition_ari	record	0.0	0.177706	
HomoSapiens	TRA	trivial	partition_clonotypes_reference	record	0.0	15016.0	
HomoSapiens	TRA	trivial	partition_clonotypes_shared	record	0.0	12192.0	
HomoSapiens	TRA	trivial	partition_neighbours_preserved	baseline	0.005	0.651804	
HomoSapiens	TRA	trivial	partition_pairs_preserved	record	0.0	0.604814	
HomoSapiens	TRA	trivial	percolation_excess	record	0.0	-0.22565	
HomoSapiens	TRA	trivial	percolation_median	record	0.0	0.2532	
HomoSapiens	TRA	trivial	precision	up	0.005	0.923	
HomoSapiens	TRA	trivial	purity	up	0.005	0.9195	
HomoSapiens	TRA	trivial	q	up	0.005	0.79182	
HomoSapiens	TRA	trivial	recall	up	0.005	0.9195	
HomoSapiens	TRA	trivial	retention	up	0.005	0.9983	
HomoSapiens	TRB	current-tcremp	clonotypes	record	0.0	42491.0	
HomoSapiens	TRB	current-tcremp	clusters	record	0.0	761.0	
HomoSapiens	TRB	current-tcremp	epitopes	up	0.0	103.0	
HomoSapiens	TRB	current-tcremp	f1_assignment	up	0.005	0.9822	
HomoSapiens	TRB	current-tcremp	h	up	0.005	0.992719	
HomoSapiens	TRB	current-tcremp	p	up	0.005	0.327767	
HomoSapiens	TRB	current-tcremp	partition_ari	record	0.0	0.997689	
HomoSapiens	TRB	current-tcremp	partition_clonotypes_reference	record	0.0	36906.0	
HomoSapiens	TRB	current-tcremp	partition_clonotypes_shared	record	0.0	31670.0	
HomoSapiens	TRB	current-tcremp	partition_neighbours_preserved	baseline	0.005	0.779412	
HomoSapiens	TRB	current-tcremp	partition_pairs_preserved	record	0.0	0.996466	
HomoSapiens	TRB	current-tcremp	percolation_excess	record	0.0	-0.06875	recorded, not gated (2026-10-01): percolation is the largest cluster's share of an epitope's clustered clonotypes, which depends on the epitope - one prominent motif (A*02 GIL) should percolate, a featureless one (A*02 NLV) should not. See validate/motif_metrics.py.
HomoSapiens	TRB	current-tcremp	percolation_median	record	0.0	0.6522	recorded, not gated (2026-10-01): percolation is the largest cluster's share of an epitope's clustered clonotypes, which depends on the epitope - one prominent motif (A*02 GIL) should percolate, a featureless one (A*02 NLV) should not. See validate/motif_metrics.py.
HomoSapiens	TRB	current-tcremp	precision	up	0.005	0.9816	
HomoSapiens	TRB	current-tcremp	purity	up	0.005	0.9828	
HomoSapiens	TRB	current-tcremp	q	up	0.005	0.492819	
HomoSapiens	TRB	current-tcremp	recall	up	0.005	0.9828	
HomoSapiens	TRB	current-tcremp	retention	up	0.005	0.3716	
HomoSapiens	TRB	current-tcrnet	clonotypes	record	0.0	37116.0	
HomoSapiens	TRB	current-tcrnet	clusters	record	0.0	657.0	
HomoSapiens	TRB	current-tcrnet	epitopes	up	0.0	110.0	
HomoSapiens	TRB	current-tcrnet	f1_assignment	up	0.005	0.9775	
HomoSapiens	TRB	current-tcrnet	h	up	0.005	0.991876	
HomoSapiens	TRB	current-tcrnet	p	up	0.005	0.284898	
HomoSapiens	TRB	current-tcrnet	partition_ari	record	0.0	0.999902	
HomoSapiens	TRB	current-tcrnet	partition_clonotypes_reference	record	0.0	36906.0	
HomoSapiens	TRB	current-tcrnet	partition_clonotypes_shared	record	0.0	34586.0	
HomoSapiens	TRB	current-tcrnet	partition_neighbours_preserved	baseline	0.005	0.898696	
HomoSapiens	TRB	current-tcrnet	partition_pairs_preserved	record	0.0	0.994993	
HomoSapiens	TRB	current-tcrnet	percolation_excess	record	0.0	-0.1031	
HomoSapiens	TRB	current-tcrnet	percolation_median	record	0.0	0.73215	
HomoSapiens	TRB	current-tcrnet	precision	up	0.005	0.9763	
HomoSapiens	TRB	current-tcrnet	purity	up	0.005	0.9787	
HomoSapiens	TRB	current-tcrnet	q	up	0.005	0.442652	
HomoSapiens	TRB	current-tcrnet	recall	up	0.005	0.9787	
HomoSapiens	TRB	current-tcrnet	retention	up	0.005	0.3338	
HomoSapiens	TRB	latest	clonotypes	record	0.0	35893.0	
HomoSapiens	TRB	latest	clusters	record	0.0	682.0	
HomoSapiens	TRB	latest	epitopes	up	0.0	102.0	
HomoSapiens	TRB	latest	f1_assignment	up	0.005	0.9777	
HomoSapiens	TRB	latest	h	up	0.005	0.992903	
HomoSapiens	TRB	latest	p	up	0.005	0.279684	
HomoSapiens	TRB	latest	partition_ari	record	0.0	1.0	
HomoSapiens	TRB	latest	partition_clonotypes_reference	record	0.0	36906.0	
HomoSapiens	TRB	latest	partition_clonotypes_shared	record	0.0	36906.0	
HomoSapiens	TRB	latest	partition_neighbours_preserved	baseline	0.005	1.0	
HomoSapiens	TRB	latest	partition_pairs_preserved	record	0.0	1.0	
HomoSapiens	TRB	latest	percolation_excess	record	0.0	0.0	
HomoSapiens	TRB	latest	percolation_median	record	0.0	0.7802	
HomoSapiens	TRB	latest	precision	up	0.005	0.9765	
HomoSapiens	TRB	latest	purity	up	0.005	0.979	
HomoSapiens	TRB	latest	q	up	0.005	0.436432	
HomoSapiens	TRB	latest	recall	up	0.005	0.979	
HomoSapiens	TRB	latest	retention	up	0.005	0.3116	
HomoSapiens	TRB	legacy	clonotypes	record	0.0	35893.0	
HomoSapiens	TRB	legacy	clusters	record	0.0	682.0	
HomoSapiens	TRB	legacy	epitopes	up	0.0	102.0	
HomoSapiens	TRB	legacy	f1_assignment	up	0.005	0.9777	
HomoSapiens	TRB	legacy	h	up	0.005	0.992903	
HomoSapiens	TRB	legacy	p	up	0.005	0.279684	
HomoSapiens	TRB	legacy	partition_ari	record	0.0	1.0	
HomoSapiens	TRB	legacy	partition_clonotypes_reference	record	0.0	36906.0	
HomoSapiens	TRB	legacy	partition_clonotypes_shared	record	0.0	36906.0	
HomoSapiens	TRB	legacy	partition_neighbours_preserved	baseline	0.005	1.0	
HomoSapiens	TRB	legacy	partition_pairs_preserved	record	0.0	1.0	
HomoSapiens	TRB	legacy	percolation_excess	record	0.0	0.0	
HomoSapiens	TRB	legacy	percolation_median	record	0.0	0.7802	
HomoSapiens	TRB	legacy	precision	up	0.005	0.9765	
HomoSapiens	TRB	legacy	purity	up	0.005	0.979	
HomoSapiens	TRB	legacy	q	up	0.005	0.436432	
HomoSapiens	TRB	legacy	recall	up	0.005	0.979	
HomoSapiens	TRB	legacy	retention	up	0.005	0.3116	
HomoSapiens	TRB	trivial	clonotypes	record	0.0	116104.0	
HomoSapiens	TRB	trivial	clusters	record	0.0	1644.0	
HomoSapiens	TRB	trivial	epitopes	up	0.0	178.0	
HomoSapiens	TRB	trivial	f1_assignment	up	0.005	0.94	
HomoSapiens	TRB	trivial	h	up	0.005	0.949216	
HomoSapiens	TRB	trivial	p	up	0.005	0.791469	
HomoSapiens	TRB	trivial	partition_ari	record	0.0	0.994438	
HomoSapiens	TRB	trivial	partition_clonotypes_reference	record	0.0	36906.0	
HomoSapiens	TRB	trivial	partition_clonotypes_shared	record	0.0	35122.0	
HomoSapiens	TRB	trivial	partition_neighbours_preserved	baseline	0.005	0.914949	
HomoSapiens	TRB	trivial	partition_pairs_preserved	record	0.0	0.998852	
HomoSapiens	TRB	trivial	percolation_excess	record	0.0	-0.50835	
HomoSapiens	TRB	trivial	percolation_median	record	0.0	0.2812	
HomoSapiens	TRB	trivial	precision	up	0.005	0.9458	
HomoSapiens	TRB	trivial	purity	up	0.005	0.9343	
HomoSapiens	TRB	trivial	q	up	0.005	0.863195	
HomoSapiens	TRB	trivial	recall	up	0.005	0.9343	
HomoSapiens	TRB	trivial	retention	up	0.005	0.9981	
